customer_id,name,phone,region,registration_date
a709f318-c421-4181-a732-55ae75beaa71,السيدة دعاء فصيل,996-695-6118,Medina,2025-06-21
7c836b73-52ce-49c4-a28c-e17cf4c437c1,السيدة حياة العجلان,3762369622,Medina,2024-06-04
85c81da7-7625-40f4-800d-029d9fdb133a,السيد غامد آل قصير,001-216-420-8240x92661,Jeddah,2024-12-11
b591177d-1af3-4a46-891f-1594e3d2302f,سلمان الشايع,001-501-557-3085x774,Riyadh,2024-11-02
2921641a-bd2f-4471-ab9f-e2a9f0772060,السيدة بوران بن لادن,(603)315-4328x5960,Riyadh,2025-04-24
da4c58dc-1a4d-4767-88bc-e349474f0bb8,المهندسة بلماء شربتلي,7505021342,Riyadh,2025-02-16
bf4c2f15-f7f3-428a-85fd-bd0d7241df97,المهندسة بدرالدّجى آل معيض,847-979-4377,Jeddah,2024-12-15
566c9a90-2121-459c-9733-54cd6dd229cb,السيدة نغم آل مقطة,641.243.9612x94584,Dammam,2024-10-15
a5fd39bc-6be0-4d0b-8b23-f3407c84c333,الأستاذ عدلي الجابر,(431)459-6196x9283,Dammam,2026-03-09
6da38001-29e4-4637-b684-66fb70bb1556,فوزي فصيل,(556)928-2935x255,Medina,2025-06-19
f51ac625-c582-4100-9174-8df4102ecc80,الدكتورة ميلاء الراشد,923-879-4827,Dammam,2025-04-05
7c7d1a7d-e3fb-4cf8-a2bb-1493ab6867e9,السيدة ريتال آل بن لافي,+1-361-266-1867,Riyadh,2024-08-13
c4202aab-a061-4b46-8196-f779507bb13a,المهندس ظاعن آل علي,001-237-508-8555x8857,Medina,2024-11-26
016c0c2e-e8e7-44f4-974b-daf25b4aca27,مرتجي آل بن لافي,573-691-5507x1709,Dammam,2025-06-28
4955826a-76c7-4a17-b667-8f9a402e6281,الدكتورة تالا آل عطفة,7748907666,Jeddah,2025-07-10
a23ad5b7-7bfa-40ff-a84d-e0bc469b348a,عبد الإله آل العسكري,594-943-9655,Jeddah,2025-11-16
4f5f13c2-ca99-4da9-b78f-8d7174d3337d,الدكتور تاج آل عطفة,001-917-450-7431x54307,Jeddah,2024-07-26
222ebd60-782f-469c-a6a0-059be17cad63,الأستاذة هند المشاولة,605.640.0906x8428,Riyadh,2025-01-16
89f2994f-6a79-490f-8aa7-1c80d30bef4b,بنفسج آل معيض,(790)225-3589x13843,Jeddah,2025-06-02
481cdf6e-4acc-456e-8d2b-d89e2fccfbd6,ميرال فصيل,(754)241-9734x19221,Jeddah,2025-02-19
f775e1e0-df71-4e5a-8203-5fd630e2eb62,الآنسة جهراء الخرافي,001-633-886-8368,Mecca,2024-04-04
a4a920d0-7eaa-4105-8b51-db78d82ad95b,الدكتور مقداد آل رفيع,001-349-556-8283x6250,Jeddah,2024-09-30
2f77d2a8-94e2-41fd-8c5f-6892cb245847,ريان آل معيض,989.261.3426,Medina,2024-08-16
349bf5e4-caca-4492-b3d8-91921a1e4e1a,آلاء المغاولة,753.502.2574,Jeddah,2024-04-02
b58f6c89-168c-4b08-a2e9-ed40d904a04a,إخلاص العجلان,+1-697-720-3960x5854,Mecca,2025-09-13
f52967fe-d9fa-442f-8189-ba1b654034a6,ريما آل عطفة,+1-842-313-8598,Dammam,2025-03-19
29b627dc-195c-4c3c-9821-83169d7c0f46,شهد الحكير,(553)529-2942x968,Mecca,2024-05-24
1098a483-5752-4dd4-98f1-f6a1774a62e7,الأستاذة بهية شربتلي,213-811-8343,Riyadh,2024-03-31
627cafb5-ab9e-4d95-aca3-45e6793a3250,السيدة ليساء آل محمد بن علي بن جماز,903-669-0935,Mecca,2026-01-20
63ec2b19-42ce-4f67-9018-debffa137140,المهندسة هناء آل مقطة,001-920-636-3678,Medina,2025-05-22
772b59bd-2b09-4263-8cba-3aec1a6b673c,السيد تقي آل عايض,001-519-542-5628,Dammam,2025-06-18
ea7b3c48-71ec-40ee-86d8-eb98cf86770f,المهندس نوّاف بقشان,(837)774-1222x6792,Jeddah,2025-07-16
77993e1e-535f-4fb7-941c-79b474953b7d,السيد محسن الراشد,+1-971-660-2739x946,Jeddah,2024-04-19
df93764b-6c84-40b7-b066-490f84733e2e,خالدي الراشد,995.304.3007,Medina,2025-10-16
1141afb5-343e-484b-a390-74f16558fd5a,الأستاذ شافع بقشان,208-725-6989x4286,Medina,2026-02-15
740dce56-bf44-4c9c-b268-39ab323688c0,المهندسة عالية بن لادن,001-215-329-7461x562,Mecca,2025-06-18
78f76ef0-ce3c-4054-a261-29e7983624b8,السيد عتيد آل رفيع,+1-244-558-4211x8408,Jeddah,2024-06-06
7b6c532a-437b-40e7-a1af-60cf820b1301,الدكتورة ريف آل بن لافي,3093952897,Mecca,2026-01-03
844290fc-2f0c-4352-bb09-0db146fdb571,ضياء المغاولة,001-499-917-3199,Dammam,2025-01-24
e795302d-181c-428a-9362-52b6a44f3ff2,دعاء آل رفيع,564-288-5071x249,Jeddah,2025-08-30
687201e8-5b67-48f5-be36-a6afec94b319,الدكتور مُرضي آل مقطة,+1-876-993-0254,Mecca,2024-05-26
8ac27262-32e2-4056-a5c4-513892ae2454,ثائر آل رفيع,2505003029,Mecca,2025-08-24
acc4d69e-10a8-44b1-9c29-7f47db7c2f77,يارا آل عطفة,209-562-8261x61466,Riyadh,2024-07-29
885aa13f-e855-43e1-9595-cb0b361a707b,الأستاذ ساطع المهيدب,2184653003,Riyadh,2024-08-17
bdc64521-7663-431e-881f-7c92d7664a70,فتوح آل مقطة,001-481-818-2125x2078,Medina,2025-11-02
0168fd4d-8f42-4ba8-af95-1d599b9a7800,عبد الغفّار آل محمد بن علي بن جماز,297-876-4553x79336,Dammam,2024-06-16
8009c9b7-1429-42fd-8540-1b70702b4bbd,الدكتور عبد المجيد الحجار,+1-681-562-2428x532,Jeddah,2025-05-30
8264e5bb-81fa-4676-88bc-0032b5bf7651,المهندسة جوين آل سعود,883-915-1954x515,Riyadh,2024-07-30
922a470f-eeba-498a-8bc7-edc0ffe542af,جود شربتلي,232.981.6801,Riyadh,2024-08-24
cd8beca7-c07e-4b36-a1d8-da8dc8cc5c15,الدكتور يعقوب آل الشيخ,(890)609-4156x0459,Riyadh,2025-04-04
34e4e33e-2685-4806-a91e-6e53fd15b06e,وصاف الخرافي,531.360.8312,Dammam,2024-08-03
dcad9656-2830-404a-a41c-1763e6a111d7,المهندس نذير آل سعود,(773)960-8164,Dammam,2024-03-12
06d439ba-39e7-4387-8898-79159b1de25d,روعة العجلان,901.437.6500,Medina,2025-03-01
231ea1cb-1f2c-40f5-91f7-c154dc41b050,الأستاذ رمحي الراشد,001-363-846-9623,Mecca,2024-09-21
5910eb95-15b4-404f-b7ee-40233a90db36,المهندسة ميار الحجار,001-683-581-3539x95885,Jeddah,2025-06-30
d71a34f1-de41-4f0e-b55f-fa155ac7fa06,الأستاذة حياة آل سلطان,001-766-871-1545x06830,Jeddah,2025-06-30
2a3deaca-67bb-4167-8cba-d0eaa7adebc2,فوّاز الجابر,(347)942-9935x37671,Medina,2025-04-27
12f69911-3901-48fe-bdc8-4e5e156f0c1a,ريتاج آل حسين,001-771-855-4540x2632,Jeddah,2024-03-31
e2888016-b861-43e8-ab13-6a20923dc11d,الآنسة بلسم آل محمد بن علي بن جماز,859.837.3691,Medina,2024-12-30
756d50c8-c0c6-438d-818b-24abe42b1356,السيدة مايا آل معيض,935.344.6548,Medina,2024-10-12
4ffe6bfd-a0ff-4fb6-9100-e697fdb591ca,سلاف الشايع,001-926-925-6730x48862,Dammam,2024-06-27
eeadc69b-3e62-4a0c-a6fd-10bda829da4e,السيدة تمام الحكير,970-837-0150,Medina,2024-09-11
29abe611-1fee-4233-aa4a-c86303532313,اعتماد آل حسين,+1-659-863-4059x59094,Riyadh,2025-08-05
66c56b86-dc79-4bc6-9497-064964953c33,آلاء الجابر,001-990-754-6829x3561,Mecca,2026-03-05
90e80b87-43f9-4e0a-9029-b824eb93a195,كارم آل خضير,391.760.9207x0207,Riyadh,2025-07-01
5daf1d2d-3d9c-440c-8c1e-f4a6e6b11554,السيد مرشد شربتلي,(537)426-8981,Mecca,2025-04-30
35d5f771-9e14-40f3-b8ff-327e53b40ec6,الأستاذة مريم آل خضير,942-865-5410x46663,Riyadh,2025-08-10
a04a4040-b932-41bf-ba20-17502659bd63,لينا آل سلطان,001-585-227-3429,Mecca,2025-03-17
7ced84af-4411-4261-b0e6-496831dec09a,قحطان مهنا,641.726.9532x9960,Medina,2025-12-25
df342434-3fac-4034-8847-7b974908fa30,رحيب آل عواض,(816)888-4876,Medina,2025-09-20
a6d0a13f-b4a0-44c6-bcb4-338450937873,الدكتور عرفات الجابر,361-923-7480,Riyadh,2024-06-03
67f0646a-3fe2-4bf9-8b3b-2a4256751a4a,ميرال مهنا,(721)978-4281,Riyadh,2025-06-14
a5f06886-2ba2-4863-a29c-07def84d9057,ميلاء آل معيض,(210)944-7245,Jeddah,2026-01-05
310a2884-473d-4c3c-8913-ed25db675a03,يسري آل رفيع,(341)940-7978x1223,Medina,2025-08-25
7e470dd5-8a69-4fbc-86be-3eb9eca7619c,بنان آل خضير,565-611-9971x7901,Mecca,2024-07-05
2f60249b-f878-4add-8578-3d1204dbcbc5,ضاحك آل العسكري,001-770-501-1036x1447,Dammam,2025-09-17
ffa0f2b9-74bb-4352-8fc7-8002e4959190,السيدة رواء المغاولة,001-318-755-5543x976,Dammam,2025-02-24
df2c4290-21ca-4ca7-a2e8-ada8de61ef5f,ابتهاج آل خضير,520-853-4388,Medina,2024-12-20
bc86fe10-54c1-46ba-a5d4-7b3f07500abb,لهفان الشايع,+1-517-471-5303x12953,Jeddah,2024-12-02
9f011b8f-c8f6-4eb0-a9f7-d124554b1bae,المهندس وسيل الراشد,581.656.5778x7596,Jeddah,2025-09-22
94b98b60-1d29-42da-8a51-85bd04bcdf16,المهندس صادح الخرافي,001-403-626-1720x784,Medina,2024-10-18
883a9929-b5b3-4f38-a625-ce4b6c77f862,الأستاذة هند العقيل,623.413.3265x25648,Medina,2024-10-10
7abdef5f-3aa0-40d7-94e0-87382ded559c,السيدة ميلاء آل محمد بن علي بن جماز,+1-282-665-4071x89858,Riyadh,2026-02-12
229a25c3-f73a-4956-8979-7e91efbbc3ab,الأستاذة تاليا كانو,251-838-1281x83620,Medina,2024-05-01
a0187c61-8a7c-4e26-a4e0-18c3d493be11,السيد فرزدق الراشد,001-837-482-2209x0140,Riyadh,2026-02-27
54cc6205-19e3-4409-8d09-f6ade3dfac1b,الدكتورة نشوة آل بن ظافر,+1-524-995-7969,Jeddah,2024-06-19
34133f0c-dd23-4953-82b6-9811fbd8c639,جمال الحكير,254.350.9294,Mecca,2024-12-12
80a474a7-bba8-4afb-b17e-f3a8fdd21549,شبيب آل حسين,5773790948,Jeddah,2024-03-31
20d7ebb3-0e09-4b49-8a31-0b77671e13d7,السيد كامل آل جعفر,(876)958-1534x755,Dammam,2025-03-31
ffe3b02d-31ec-4957-abd3-a86c60e2391f,حسن آل عواض,2302634237,Riyadh,2024-10-24
4d6b6816-5e8f-490d-b273-d73996f90ab1,المهندسة جواهر فصيل,(520)609-7488,Medina,2026-02-21
bae10c3a-3a5f-4716-a4df-fda893d40155,زهرة بن لادن,(255)717-1873,Riyadh,2025-11-24
72e68b36-3483-48e3-844a-dc3afb96c0bb,داني آل بن لافي,+1-487-813-9241x02750,Jeddah,2024-04-07
44801dae-ccf2-468c-a311-911e9b424dec,الأستاذ ممتاز الحجار,960-559-2781,Medina,2024-09-09
b8ac6fc9-fb6e-434f-94df-0f943fcad82e,طالب العليان,+1-696-279-3578x65408,Dammam,2025-04-19
3b5bfddb-a33e-4286-adba-ac59d2b2b6d1,السيد عزمي بن لادن,(577)697-7325x750,Mecca,2025-01-26
07183206-3e89-45e9-9600-57fad2620d04,الدكتورة بهية الحجار,659-401-3814,Riyadh,2024-05-15
e7d2ae61-1fad-4cd1-890f-9048ec31f64a,روبا آل رفيع,(453)615-2287,Dammam,2025-12-29
58bf86f0-6016-4aa1-8b7d-a279c0c32b57,السيدة مادلين المشاولة,295-565-7642x4104,Dammam,2025-09-12
ea41b4ce-ff01-41fd-8db6-c1ac32af90fe,سليم العليان,001-610-267-0922x122,Dammam,2026-01-06
1d0d7668-4cb6-4edd-bd70-35e392b988f0,السيد جمال الدّين آل علي,+1-833-612-2877x86995,Jeddah,2026-01-25
c869fe8d-92cf-4ce8-bdb7-8f24992496f4,الأستاذة بنفسج أبو داوود,9444708982,Medina,2025-05-08
27e8e9d9-b723-4a46-9c5d-c611c0ddad01,المهندسة ليساء المهيدب,703-305-8231,Riyadh,2024-12-16
a399a64a-a275-4384-8b23-d79fe5ad5724,نبيل العجلان,848.500.5420x30073,Jeddah,2024-03-18
d7f2fd74-e9cb-47fa-ab89-12eb33307073,الأستاذ فائق آل خضير,+1-841-359-8807,Mecca,2025-03-02
47032b06-38a2-4a8f-998b-6b3559c23289,افتكار آل الشيخ,001-756-593-7728x831,Dammam,2025-07-20
7c94e35f-aecd-4ef5-9b9c-c46ef1a86ac4,ذكي آل علي,001-608-709-6189,Mecca,2025-02-27
a037e427-fce2-4a42-b63c-90e5ffa14f8a,روعة آل رفيع,9673060058,Mecca,2025-10-22
d5a51d0c-f5a3-4069-b70f-fc00f9a210ee,الأستاذ كايد الحكير,(528)887-3421x6708,Mecca,2025-03-30
b8c2b348-1fa2-4f12-973d-0445bb867c0c,السيدة دارين أبا الخيل,001-476-359-2221x43515,Dammam,2024-10-16
14ed467c-f7f9-43e3-b7e5-2b2bb321811c,مهنّد حجار,291-262-8238,Jeddah,2024-10-02
378198b3-80ad-4b25-a2db-dd0e4b08594a,المهندس عدنان آل بن لافي,6149860583,Medina,2025-05-14
1481a004-15aa-4826-8cd6-e01916a1c6f9,الدكتورة ليساء آل سلطان,261.223.7201x127,Mecca,2025-04-02
be7f8c42-6996-4384-84f6-8b3ca7965386,الدكتور مُعتز كانو,001-844-842-5675,Medina,2024-11-19
904ef53d-6be2-4e83-ba6b-b60426cd046d,لاما المهيدب,859.216.2343x0149,Riyadh,2024-07-25
18f8c66b-91da-4d40-9967-e9ac3d7d4c07,السيد عبد الجبّار الجابر,6826792553,Jeddah,2025-06-11
3de244fa-9e66-48b0-bffc-085b88414e6c,السيدة ريما أبا الخيل,(942)951-8586x09157,Riyadh,2024-09-22
4da386f3-a0d7-4913-96f1-b0e0a4ba15a7,المهندس عبد الخالق فصيل,+1-722-740-1240x1244,Dammam,2024-04-21
99e2a92d-bd79-4762-9474-b8e1aa19c6b2,الدكتور لمّاح حنبولي,(753)499-6625,Dammam,2025-04-18
b97b8ba2-e589-4641-beda-7f60c2622647,الدكتور زكي الخرافي,624.834.5851,Dammam,2026-01-14
9dc29b9c-7f7b-4c00-aa8c-2f61afe15dec,جلاء آل جعفر,224-825-2110x093,Mecca,2025-08-27
90a90b6b-eb29-467d-939d-9b23c0092b2e,الأستاذة ريتال آل عواض,517.506.5757x8706,Mecca,2026-02-19
64b59cb5-b4c2-49c0-8fd1-2ea186087d21,ناديه شربتلي,+1-275-727-8684x8241,Mecca,2025-03-27
946b430f-77be-49ee-afd4-14db8fa59905,السيد مُخيمر كانو,773-808-6726x928,Medina,2025-12-16
1d767d22-526b-4637-bb05-379a5ca07222,الدكتورة هدى المشاولة,+1-284-707-0396,Dammam,2024-08-03
03df15f4-7001-4340-90b8-3633ac4c5f3f,فداء المهيدب,001-531-730-7325x7455,Dammam,2024-07-31
d00908e5-9803-46e2-9dd7-91d19c825b65,الأستاذة ناردين آل جعفر,2366445672,Jeddah,2024-12-13
cf55ff94-02fb-4464-9475-d6b59d48c49f,الأستاذة هدى الحكير,(869)965-3424,Riyadh,2025-05-02
fdbefdcb-8f06-4540-bca7-6d66fde03303,السيد شعبان حنبولي,+1-729-222-7346x769,Jeddah,2024-05-18
14ad412a-53bf-47c3-8646-a5ad6cb5106c,المهندس مدحت بن لادن,479.788.0990,Medina,2025-08-31
fa6f23de-919a-4fc6-bd8b-dcc2b1c9fa53,المهندس نجم الدّين بن لادن,001-943-570-5625x56537,Mecca,2024-11-01
37c129d6-3349-44e1-b8b0-d7fb7055b55f,الأستاذ قدري آل عطفة,(408)636-1645,Medina,2025-11-28
6dfa3149-c04c-4273-af31-0b087eaf486c,الدكتور خافق المهيدب,(800)393-5502x5178,Jeddah,2024-06-17
cd89aaba-29f2-44dc-a286-338666646bfb,محمود الحكير,579.846.6671,Jeddah,2025-05-12
00401da2-81f3-4d8f-87fe-37b53b64b8ee,هند الدباغ,+1-867-311-6311x71662,Medina,2026-03-10
c43c67db-cf10-4881-b7ab-81fde89ba258,السيدة كاملة بقشان,943-661-0110x1424,Medina,2025-11-08
1ecda0f3-4232-4a80-ac2f-1071b0c797f8,جيلان العقيل,360.540.4610x356,Riyadh,2025-07-27
220a81b0-0a83-4e6b-9cc0-9285a7c52c69,الدكتور زيدان آل بن لافي,375-278-3866x059,Mecca,2024-06-10
5ca2cc6e-7bba-40db-84cc-dc1d3393dc1a,طلال مهنا,001-791-612-3056x62859,Jeddah,2026-01-07
c5d9a973-ccbc-47c1-a91f-2bb170ddbf6e,حسام آل الشيخ,5853703583,Jeddah,2025-06-27
274e593e-68de-497e-8739-89e024540e90,ابتسام آل بن لافي,(692)657-5878x4412,Mecca,2024-09-27
452658f0-e63e-44c9-82fe-2d4696884f6f,بلماء المغاولة,820-949-5314,Medina,2024-09-17
64efa8cf-108c-4864-b8c9-cafc5fa87972,الأستاذ وريد الحكير,803-225-3474,Mecca,2024-03-20
0ef80f70-e663-48b1-a517-d5a58ede9884,السيد زيدان حجار,800-797-3674x7012,Riyadh,2024-08-18
1643ca56-4556-4d1b-90be-93f05d94b68c,الدكتور رمزي آل العسكري,4112919634,Dammam,2024-04-13
9c6c1f0f-9474-4eef-b4da-1840af9757ad,هزار آل قصير,3214832046,Mecca,2025-10-19
6821bc82-af3e-4f47-b1b1-70d4c11fe3de,ثاقب الخرافي,(356)816-9396x71215,Dammam,2026-01-16
cd7b3b7f-3675-420c-82b9-88f9af411314,الدكتورة جوليا المغاولة,+1-378-836-7943,Dammam,2025-01-16
390b5d00-317c-4820-a4db-5427f595f6e9,خضر المهنا,+1-490-688-1948x19324,Mecca,2025-11-25
af21b1a4-2f30-4e33-9a66-0a89f17987ee,الدكتورة نغم آل الشيخ,(654)954-4733x57958,Riyadh,2024-03-30
78b676e0-3328-4c9c-ac24-c3bf019bbc0c,رامز أبو داوود,+1-534-243-1400x83057,Riyadh,2024-08-17
4a182160-1438-4a84-9625-6688950a5f93,حسين آل صفوان,423-337-2943,Mecca,2025-03-10
01f01f8e-3d0d-4a75-b93a-ab82482cb3fa,الأستاذ نافذ المغاولة,001-638-650-5733x0628,Medina,2025-08-07
4f0a5596-ed9d-4bd7-99b1-8aaeec05fa23,الدكتور شكيب آل بن لافي,(553)322-0370,Mecca,2025-11-05
d04bba77-3ce2-42d1-a12c-4a1356db65fd,الدكتورة ترانيم الجابر,614.847.3185x090,Riyadh,2024-04-18
262314fb-43cc-40da-a66d-282ab0331ff8,نبيه الجابر,572-218-4808x811,Jeddah,2024-10-20
06e1bbf4-3945-4262-bfd4-52bd6badfd7d,الأستاذة تاليا آل قصير,(796)875-2524,Riyadh,2024-05-28
54058ed7-6b8a-45e0-85ca-01089ac93e2f,الأستاذة بنان آل قصير,001-240-853-3368x99556,Dammam,2025-06-15
f611699f-c5de-4801-86bb-1e05de482b74,السيد عزيز المغاولة,001-611-560-4720x97080,Jeddah,2025-10-03
a751d590-95c2-4f47-bdb2-e882d7b57705,سرحان المشاولة,786.212.8275,Mecca,2024-04-13
51e3a554-2b4d-488e-951d-73db6482d34e,الدكتور ساجد الحكير,+1-855-893-6432x2137,Dammam,2025-12-09
98be57ca-8755-4956-a4b4-2be21663ec76,راما آل خضير,913-250-9026,Jeddah,2025-07-22
45c717d9-9110-4900-86e6-e5fc6343d19a,المهندسة هاجر آل علي,(854)956-2245x764,Dammam,2025-10-13
e1725cee-9d8a-4d6c-b186-60e382456ef6,السيد حمدان بن لادن,+1-948-439-2481x9236,Jeddah,2025-12-28
546d6946-af66-435f-a6c0-cdae2769dfa8,الآنسة لارا الدباغ,(267)653-1752,Jeddah,2025-12-01
71b5728f-4083-4105-8ad1-49752f5dfaf7,المهندسة نغم الحكير,(692)696-2572x637,Medina,2024-09-14
3f6ab749-8af4-45eb-a333-707c9226adff,المهندسة ترف المهيدب,001-309-891-4466,Riyadh,2025-06-25
a15806f5-02c8-46a8-a466-de69255f8662,الآنسة لتين الشايع,+1-558-742-2782x956,Medina,2025-01-19
9b8017b1-ff41-4e9d-b0e4-ba975efba822,الدكتور سلطان الخرافي,834.781.8729,Dammam,2025-01-02
908133e9-2e7f-4b0d-b997-a18c4ab6b5e6,عرفان حنبولي,662.363.7013x66456,Riyadh,2024-12-17
a3381c13-33e3-4684-8032-dddf3e0ac54f,شبلي آل معيض,4484319856,Medina,2025-09-15
a73e8b14-15aa-464f-9050-00972fdd2c10,دؤوب الحكير,571-619-5012,Dammam,2025-11-17
fbae40fd-53b4-4b5a-b3ba-a231f3e1990b,المهندسة بنان آل قصير,6276613966,Mecca,2025-11-30
ed05a599-9801-4a02-850a-edc7a22ecb0a,روبين آل عايض,473.775.4550x62725,Dammam,2025-12-24
c3bee532-18d6-4a23-8442-d3ac3ccb3822,السيدة ريمان الحكير,(509)360-0631x315,Dammam,2026-02-21
6c1edb43-ce93-4009-b111-9ac4623acb0e,الدكتور مصباح الدباغ,725-371-8658x87040,Dammam,2024-10-25
4ddbe354-d840-4f14-92a0-84902dd0331a,السيدة بلسم آل بن لافي,814-586-8545,Dammam,2025-03-20
fd88171c-e034-4da0-98ba-9a9a279f5e38,الأستاذة إباء الجفالي,223-750-8604,Mecca,2025-07-24
b40f3c05-3f07-4de5-9d60-5ac6ce7ff0c0,الأستاذة شهد آل محمد بن علي بن جماز,(763)424-9958x882,Riyadh,2024-08-15
41624e43-4144-4445-b07d-3e6c9e619d7d,جاد آل علي,+1-981-773-5233x168,Medina,2025-06-11
a2b586bb-17ca-4a83-9d2e-8ffba832e440,الأستاذ فتوح الشايع,463-285-4417,Dammam,2025-10-03
c0f629ad-0a2f-4a95-9240-a7177a0765ee,جوليا آل بن لافي,802.819.4707,Medina,2024-09-22
7ed4f310-cf12-486a-9c81-3fc3fcea3038,المهندس شافع آل العسكري,609-793-0534,Mecca,2024-09-17
5de65c58-fd7d-45ac-90a9-77f07de55f1a,وجدي آل عايض,001-471-862-6605,Dammam,2025-11-29
9d8e817b-529a-4d34-b439-a45d1a5767e5,باهرة آل عايض,564-823-8964x97575,Medina,2024-04-02
efa7bf49-5052-47c4-8ee8-fac464bd0bd7,المهندس وحيد كانو,+1-289-236-1820x5217,Riyadh,2025-12-18
95944db1-afc9-4bb6-b463-016ea47f8257,الدكتورة أناهيد الخرافي,+1-799-508-4032x447,Jeddah,2025-09-26
fadbc742-219a-48c0-a980-f009596c736b,بلقيس الراشد,648-770-4902,Medina,2024-04-30
53cac0a1-88dd-4ce6-9444-08684ef7c745,ماجد آل الشيخ,946.737.0520x465,Dammam,2025-10-08
2c8a39c6-06d4-4b51-bf47-424783e3d2ff,هايدي حجار,001-291-888-9563x08953,Mecca,2024-10-10
fe618149-fb57-447b-a83a-9e7c2e5a705e,نعيم شربتلي,001-211-509-2163x29720,Dammam,2024-11-12
264fb5e1-79ef-4db7-9cfd-462bd05bb8b3,المهندسة جوليا فصيل,(803)306-9260x29522,Dammam,2025-05-17
1bfe4a45-625a-4d7c-a224-b27c1458af12,يسرى الخرافي,(288)316-8000x65282,Riyadh,2024-05-17
a5c2d674-3f21-4d00-98e9-036218aa3dcc,السيد عبد الواحد آل الشيخ,(586)814-1563x5036,Riyadh,2024-11-08
c3858a8b-a137-4c96-824a-4c613a898645,سجى آل محمد بن علي بن جماز,(577)791-0378,Medina,2024-03-15
bd016ccd-3626-4c87-8be2-91ce250bcdd7,المهندس راوي آل معيض,995-766-4419,Dammam,2024-09-20
eabe9cbd-ab7c-405f-946c-c8c7f3ccfad8,لاما المشاولة,(581)495-9043x4145,Medina,2025-04-08
d0de1d8c-33f9-4f5c-a376-7039f319c83e,ميّاد المهيدب,+1-535-873-1951x31322,Mecca,2024-06-14
42ab409e-3070-4f1e-a4d8-a82cf678e422,مشرق الدباغ,780-716-4061x12772,Medina,2025-10-19
e7c2cf6c-3b2e-4a9b-a14f-64f6d30b30b2,جميلة مهنا,001-230-228-4919x2361,Riyadh,2025-04-19
8e3d46e9-7ffb-4168-8688-f05db8d7a304,عفيف آل محمد بن علي بن جماز,001-786-461-7096x221,Medina,2024-07-04
3a269080-57bf-46ec-a889-f9ab3c838e76,الدكتورة فردوس حجار,926.381.2289x1527,Riyadh,2025-11-12
d8ce79db-7bf3-4da7-94b9-4e29b50b77e5,الأستاذ طريف آل صفوان,5192741174,Mecca,2024-09-01
04c4044a-f5c5-45ea-bf1f-9fafe258ec73,الآنسة ترانيم فصيل,001-692-307-0780,Mecca,2025-02-14
5e2d7bf9-1771-435e-a6f3-d3b8e5883724,كنان الشايع,278-977-9303,Medina,2025-11-26
f4546831-cb54-4a6b-9eda-6aaddb89a1ee,مادلين آل جعفر,+1-279-577-7033x69734,Riyadh,2024-12-17
1ea75c92-42e8-47e3-a1e5-3f1c58f66c73,عبد الباقي آل رفيع,(682)465-3346,Jeddah,2024-12-21
b47bfad8-4b39-4781-bdde-58f818fdd19e,الدكتورة ليم آل عواض,+1-592-554-4269x8213,Riyadh,2024-05-31
e494106f-0146-498d-aa51-186c2360c814,السيد رجب كانو,784.581.8028x500,Mecca,2025-11-05
53b60fc6-f7da-406e-aad7-d3a08a99a25a,علاء الدّين حنبولي,670.265.8779x0437,Mecca,2025-03-24
2ddaa0fb-f512-43b7-b85c-8823280bd256,ظافر آل قصير,(779)294-3119x35279,Jeddah,2026-01-25
784d80ec-1b2e-4133-a1cc-ae02a344b832,كمال حنبولي,001-697-960-7816x205,Riyadh,2024-12-04
4638e527-b0e9-42eb-9a25-fb50b57406d0,المهندس جاد حجار,805.344.7811x68923,Medina,2026-02-12
8b6da7a2-258c-4b69-a7c2-9dbc4f54fa0b,غيداء المهيدب,7066694361,Mecca,2025-04-06
431aa3cb-3331-42dd-8079-bc90765e6e05,الأستاذة ياسمين الدباغ,+1-921-670-4945,Riyadh,2025-02-27
3c355c80-d804-4d4a-8162-0ca1a91d27bf,نوف آل خضير,(590)773-1013,Dammam,2025-08-26
88813231-65bd-49e3-9450-569240d96175,سليم بقشان,(441)275-2616,Mecca,2026-02-03
73a104b9-06c8-475c-ba0f-75130598bed1,ريتاج العقيل,(381)606-5444,Riyadh,2026-02-06
a4eb49ee-abdf-4182-8d43-c6ce09a5d271,الدكتور نمر الراشد,700.266.5446,Dammam,2024-09-26
8e854c11-7b39-4871-ab31-472836b13f8b,عرفات آل بن ظافر,+1-487-438-4926x998,Jeddah,2024-07-28
b47375de-d19d-46ee-98cd-e2997548bc19,الآنسة هيا آل قصير,+1-705-604-3038,Dammam,2024-05-28
eb9ff23f-f0fd-4df4-8171-ed64412c95c2,كارم الدباغ,9835858746,Medina,2024-05-04
460868b3-8518-48f2-aa13-ccc7c5a11d6a,أناهيد بقشان,(603)811-6288,Mecca,2024-11-27
704ab541-94d8-40d5-aff6-d9939672ea3b,بشرى آل جعفر,420-496-9193,Medina,2024-09-19
c84ea3ea-1c2f-4fef-9968-f77151853823,المهندس عابد الجابر,(339)695-2136x843,Dammam,2025-04-28
82ac539f-eb66-46d0-a0f6-ea9c569cd073,وسيل المهنا,786.928.7979,Mecca,2024-03-18
0552601e-55df-43fd-bffb-764186101026,راضي آل علي,001-268-898-5853x796,Medina,2024-10-08
e4245811-496c-4a57-88e9-d91e03e5c0a3,سامر آل علي,2037491071,Mecca,2024-12-11
3ec5ab72-8190-427e-b7bb-2105c32a4150,عبد المجيد آل سلطان,(379)501-8739x35662,Jeddah,2024-10-25
f1eaa5f5-c592-4ce5-b481-1f1f6b001fa8,الأستاذ عماد الجفالي,371.871.9187x9290,Riyadh,2024-08-31
9bad2a72-83b2-4228-ad83-6a462c09a5b7,اعتكاف آل عواض,273.522.3121,Dammam,2025-05-21
f3e891d6-23a3-46cd-b0f2-c75a282c9193,الأستاذ علاء الدّين آل جعفر,283-827-5779,Riyadh,2025-09-25
ed5e73b1-cbef-4042-906b-ecf1caf377b7,السيد سعيد شربتلي,001-768-435-4185x250,Riyadh,2025-10-27
a355e911-b399-4b65-a184-c52ccf2ba491,الأستاذة لتين العقيل,001-696-473-0249x651,Jeddah,2024-11-16
d91b7303-b2df-415a-911c-296b00ca2da1,المهندسة سبأ آل سلطان,(787)410-3696x826,Medina,2024-05-21
3714db79-13dc-46d4-ba08-9fea172f9c3f,أسيل آل بن ظافر,565.373.9444x1482,Dammam,2025-04-17
161cabc0-9675-4c2d-a857-a7196a3c476c,الأستاذة دانية آل مقطة,271.501.7481x115,Mecca,2024-09-25
675b69bb-9540-432d-b8f4-817d1477d20f,ريان الجفالي,001-515-400-4656x678,Mecca,2024-05-13
703d24c2-62aa-40b6-bb29-929aa7ee2908,روبا بقشان,+1-680-991-7986x6968,Jeddah,2025-11-14
79e42f37-eb70-41fc-aaca-f7a3256270ac,الآنسة ميرال العجلان,+1-895-609-2605x086,Medina,2024-03-26
1234365b-8ca5-4c42-b29e-88e8f2651182,السيد نعمان شربتلي,+1-896-244-5026,Dammam,2025-09-09
d119c030-b921-4fb3-912c-3bf255b36e5a,زهران الدباغ,9177663053,Mecca,2024-04-12
26adf7ad-f5e5-44c2-b198-150d6342f2bd,المهندسة ابتهاج المهنا,+1-209-497-3233,Dammam,2024-03-26
5ac4addf-0d45-4f9b-a774-ef15be075234,الأستاذة لوليا بقشان,001-383-905-6718,Mecca,2024-09-27
96ca711d-5b15-432e-b82a-05f341740964,الدكتورة جهراء آل حسين,+1-706-663-4985x1707,Medina,2024-09-06
7702226b-edd3-459f-ab01-0d73e2f63a4a,جوريّة الجابر,821-551-0471,Riyadh,2025-06-28
02e2b262-a4b4-40b5-befe-cc8892766c7d,ميسون آل جعفر,(331)394-0652,Riyadh,2025-02-15
fa97d0d3-843e-4b60-9a63-08568849244f,الأستاذ مهنّد آل صفوان,340-537-6677x774,Dammam,2025-01-13
f7dec22d-4517-4bb9-8fa8-b5c5047779e8,الأستاذة ريمان آل علي,(854)464-5382x7777,Jeddah,2024-10-11
5de9878d-db9a-404c-b0bd-21b55c41f5e5,المهندس موفّق آل جعفر,415-986-0329,Dammam,2024-12-09
fec47404-b357-4129-b042-0f3e592697eb,الأستاذ فايد الراشد,(886)283-5786x398,Riyadh,2025-02-01
d6344971-d310-47dc-bab9-6e13a1b71b25,السيدة بهية آل حسين,426-800-3114x924,Medina,2025-07-20
083cb01d-549e-4de5-993a-ab7e415210c1,ساهر الدباغ,705-356-0571,Jeddah,2024-06-29
a7308daf-4447-4385-8000-42284d98fd00,أفنان آل علي,(867)779-9359,Mecca,2024-05-14
0fae930d-fa38-41b0-adc5-6df683a4434a,عرفه آل مقطة,(992)536-0153x384,Medina,2024-08-31
682928fa-dda2-4e1b-84f8-2c31dc3d8f85,زيدان فصيل,+1-398-740-7994,Medina,2025-12-12
ce2a5141-112d-4803-a4e8-209ca5ba3545,ريم آل بن لافي,396.893.0442,Mecca,2024-05-31
dc27bcad-ec6a-4195-b69b-b79cbc3b326c,ريم آل محمد بن علي بن جماز,001-764-488-0882x55341,Medina,2025-03-22
a7dc48f1-0182-478c-9d67-3fb432e12671,كنان الجابر,969-612-5325x058,Medina,2026-02-16
f605007b-7c3a-4930-8501-8fbe4ccfea5b,هناء المشاولة,001-204-924-9485,Jeddah,2025-03-05
b36dede6-1f96-4f60-9bba-6c8647c47ef2,نجدت آل سعود,(393)472-5270x846,Riyadh,2024-06-10
3e8f4ea4-b677-4f92-b94a-cf030f022a4d,المهندسة هناء آل عطفة,+1-332-247-6310x91900,Riyadh,2024-09-19
22a1b9b2-6c62-4665-acde-7a8298d396a7,وسيل حنبولي,(660)858-9263x554,Mecca,2025-06-11
82042e85-3fd1-4d55-be4d-57532bff1120,الدكتورة دانية آل سلطان,6475781703,Mecca,2026-01-10
3e95d7a8-6f34-4de7-b74e-e64a04a1d104,الأستاذة أفنان مهنا,832.236.8304x1285,Riyadh,2025-06-26
5837cd39-7ab8-450f-b2a3-2645a762ddcb,أناهيد الجفالي,847.460.1241x5822,Jeddah,2026-03-05
c784ddae-1e16-4d8e-9d52-5766d1c8513a,الأستاذة بيلسان الحكير,(278)885-0671x1278,Jeddah,2025-03-26
4d52e4e3-5053-423d-a3f3-e1d3eb0ee361,كريم العجلان,(470)908-5347,Mecca,2025-04-03
f2267cbf-c7ed-40f5-b097-f414a95be0a4,ياسمين آل علي,707-227-8358x49618,Mecca,2025-11-18
b1e06089-ccd9-4213-8475-182afd11f9da,المهندس مُرسي الخرافي,(714)789-3141,Riyadh,2025-03-14
4503ab78-f958-419e-85c3-dab8d1aa72b8,الأستاذ زاهر آل جعفر,(566)837-0826x7627,Dammam,2026-01-14
9bd9f851-a39f-4e24-ba7e-4be20a275ec3,حياة العجلان,516.733.7067x091,Medina,2025-04-14
b61f571d-adc8-47e2-9698-707d9adb8074,مادلين أبا الخيل,9015856541,Mecca,2024-11-02
18662f5a-b512-4272-9a3a-eb677e80cac3,المهندس صبيح حنبولي,+1-823-897-2094,Mecca,2025-11-03
09b466b5-fc20-47ed-9015-d1106eedb3d2,المهندسة ياسمين بقشان,217.988.2140x873,Dammam,2025-11-06
09fb3a74-33d3-4103-ac8a-d0f0b3386da8,المهندسة بهجة آل سعود,572-422-5538,Dammam,2025-08-31
5824a27b-2fb8-4c86-ab73-c97de12761b7,ريتاج آل محمد بن علي بن جماز,738.633.5084x0262,Dammam,2026-01-29
b5cfda0d-814a-421d-9e69-5dd9c8338041,جهاد آل علي,(713)225-5277,Riyadh,2024-10-08
cdb1d614-c043-42f6-8eae-1de5f49edc68,السيدة هدى المشاولة,423-335-1883,Riyadh,2025-04-01
f41d3e08-46dc-4144-acba-842b716c77af,ألين آل مقطة,(457)390-8449x492,Dammam,2024-07-31
57c3c26e-2744-4fde-807e-37ad283be3ff,افتكار العليان,(699)249-5947,Dammam,2024-07-16
825b1ad7-ed79-478c-8c13-a223c4afc553,عبد الرّحيم آل الشيخ,3734221808,Mecca,2024-08-29
1976314c-2c19-407d-9036-0efd9064b9df,لفيف حنبولي,(248)431-3417x39284,Medina,2025-06-13
d41e473d-5de7-49d8-be80-8c448e5f49a7,سليمان الراشد,882-766-8059x9097,Riyadh,2025-07-18
a09466de-6437-4956-9685-2d6ec7ada3a0,الدكتور ضاحي أبا الخيل,(522)577-0090,Mecca,2025-03-28
297e21b4-a633-44a0-82e8-f276639d6c59,عتاب آل بن لافي,+1-575-283-2752x08621,Mecca,2025-12-09
8934c8f7-ea93-4b61-b2f3-0f4447b8b508,داوود الدباغ,273.948.9851x54896,Dammam,2025-11-04
79c47a84-3790-4fe6-a592-44ab28569f0f,ليساء المغاولة,444-682-9586x270,Dammam,2025-11-15
1df39185-2d94-4d6a-9aac-28437e8135a9,الدكتورة كرمة الخرافي,+1-767-355-7717x0243,Mecca,2025-05-10
a78806e2-e76b-4932-b0e8-beb1063b4977,إباء العقيل,(607)212-4338x61925,Dammam,2025-10-06
f4aa3d38-722b-4d02-8af8-0ae4e70cc0c6,السيدة ترف آل رفيع,828-984-3366,Dammam,2024-09-20
6f42e73a-52b6-47a6-848a-8c80a39f827d,أزهار أبا الخيل,418.878.9551x6237,Jeddah,2025-01-05
67373809-061a-4b9b-8e50-3f77542e481a,ميار آل خضير,001-837-289-9807x9038,Mecca,2025-11-14
53068bcb-704f-41a6-b4dc-79207a2efa3a,فيصل آل علي,001-865-388-6642,Dammam,2024-08-02
7abb7598-6716-4193-b223-0204ce1082fd,السيد رضي الحكير,001-405-710-9967,Riyadh,2024-09-26
d6337486-ddb5-4838-87d5-b52a208cfb9d,السيد سنام آل سعود,(354)851-1135x195,Riyadh,2024-03-19
db99ab05-48ff-4d06-981c-9f1f1ed43b9b,صادق مهنا,001-324-654-3225x3850,Mecca,2026-01-16
19c7f749-996d-4084-a6a4-686cf5064d40,المهندس عزمي آل مقطة,(451)937-2481,Jeddah,2024-03-16
0828c5ac-c3a8-4109-8b42-5c3df28cdc27,اصيل الدباغ,304.626.1008x736,Riyadh,2025-10-05
6c8731dd-5b5c-4553-b4b7-1826fb67638e,صباح الحجار,882-871-7993,Dammam,2025-05-18
68578262-bdf4-43c9-8697-ae1267f0806c,السيد راوي آل عايض,860-690-2552x99474,Mecca,2024-08-24
bcbb58fc-323d-4bad-9239-701e0d314d1b,الدكتورة اصيل آل خضير,(945)587-7355x096,Medina,2024-11-03
2cca07fa-b482-415a-a9cb-ffb3c026b1ea,ديمه آل معيض,441.508.8526,Dammam,2025-05-10
30d1f95e-6256-4633-b735-c103c328c3bb,عبّاس مهنا,001-694-303-8788x668,Mecca,2024-05-17
865cd89c-f97f-485e-badf-89fca558e68a,الدكتور ياقوت العقيل,001-933-814-4093x11948,Medina,2026-02-06
4cbea347-c0b9-4d2b-afe8-c08f919bf223,ريان آل معيض,001-555-589-4731,Mecca,2024-07-15
bab96b2e-e163-4afe-9129-927a8bdfbc3f,الدكتور نشأت العجلان,5753493781,Riyadh,2025-02-04
e1fd38cc-df1e-480a-924c-e066ada80e55,الأستاذ عبد القهّار آل جعفر,955-882-0480x65599,Jeddah,2024-07-14
d9a95a9d-d9b7-4437-8273-b8d421b0b0b1,لوليا آل العسكري,(805)506-1803,Dammam,2024-12-14
6a767db0-2719-4d7c-ba40-b5fab4bab897,أغاريد العقيل,001-966-564-2104x433,Medina,2024-12-23
7242fb0a-aba5-4564-a1b5-ed1b80df9efc,صابر آل مقطة,+1-652-577-9557x894,Dammam,2026-02-05
4720875f-e1b7-4505-949f-ee956dfb514e,السيد رزين فصيل,(417)845-7104x55003,Dammam,2025-06-22
d937ad62-973a-4e9b-8503-e51df149c2fd,الدكتورة شهد آل حسين,001-997-360-7614,Dammam,2024-11-09
12d79ac3-7751-41df-82d9-494b56ff1696,صالح المغاولة,9355231369,Jeddah,2025-09-09
49f44794-7261-4e18-94ea-dceb10d2fdf2,مجد الراشد,(667)822-2293,Medina,2025-01-01
28b4a3b2-2d49-45f3-a01a-f10a1e2bfca6,نصري كانو,381-644-5898x000,Jeddah,2024-09-13
c8ffadd9-166e-46e6-b223-5096bcbc8b6c,رجاء آل عواض,(796)295-6857,Riyadh,2024-07-18
83105267-2ec1-42dd-bb3b-2dea8e4ff1c2,ظافر العجلان,7222871987,Dammam,2024-05-09
0e50ef4e-48fa-4701-a937-8a8e539131c2,ابتكار العجلان,+1-458-469-1607x561,Medina,2025-09-30
13ac9bd6-f387-44b4-aaf3-a78b20936842,راضي المهيدب,9654992905,Mecca,2025-05-07
3aab1146-1c8f-4f26-9b83-2a8e22c5fb3d,الدكتور فخر آل عواض,(676)959-9890,Riyadh,2025-12-24
622f1992-322a-4d26-87c1-938d9389fecb,رازي آل سلطان,335-652-4606x9494,Jeddah,2025-12-09
8f1ade23-2225-49d1-a1f9-1cc226e334bd,السيدة ريتال آل جعفر,001-214-361-0128x670,Dammam,2024-04-25
da8349f5-ac28-4535-96f1-67848df4d352,المهندسة بلماء آل محمد بن علي بن جماز,581-305-8859x87187,Dammam,2024-10-17
c3e6d7b6-ce58-4073-9b7e-e3b9d088fd42,السيد سراج الدّين العقيل,925.312.4968,Jeddah,2024-07-15
0cc9b8b0-ab18-4eae-8cef-6df5176fb46a,السيد سراج كانو,001-732-631-2440x27133,Medina,2025-09-07
8db4f276-173e-40ba-b3e2-22247d85ce62,رازي حنبولي,4116355635,Jeddah,2024-06-11
56c4461b-ecb9-4bf4-a53f-e26e2cae5681,السيدة ريناد آل الشيخ,762-700-2506,Dammam,2025-07-22
ae747d26-f78e-4e56-b02b-dd3cb9952306,غيداء آل عايض,2983598853,Riyadh,2025-07-13
11736e8e-7bbb-4f1a-be49-4bed4b72060a,جيلان المهيدب,564.317.1233x22993,Mecca,2026-03-06
9ff5927f-30cf-4e57-ab0b-39e0fb270bc3,مَجدي الخرافي,521.442.6984,Mecca,2025-12-29
e358c867-9adf-4ad0-967a-747804e224f6,فردوس الخرافي,+1-818-550-5244,Dammam,2025-10-20
2b1d3df0-c36e-4aa7-bcf3-148c40b27a8c,رؤوف آل بن ظافر,8597032878,Jeddah,2025-01-11
872f605c-5da6-4179-8bf9-04d59dada41a,نجم الدّين المشاولة,840-387-9381x532,Jeddah,2025-08-27
d3a64537-6759-4376-9254-4f163a6a6592,عائد الدباغ,(314)560-2509,Riyadh,2025-01-30
b88cb533-ce83-4ed3-937a-2832aae40352,المهندسة ريم بقشان,(719)487-2965,Medina,2024-07-07
f8016a7b-04e8-4e8a-916a-205b0bf42101,نعمان آل خضير,753.885.7504x0479,Jeddah,2024-07-22
a174f334-8e57-4f63-a6bb-cc4c1351ea9c,باسمة شربتلي,283.491.8495,Dammam,2024-03-28
43f2b2d1-81fb-42ed-8dfe-4db97324d8bf,ساجي آل سعود,879-934-9737x554,Medina,2024-11-12
17f47f29-a10e-4350-9c24-09d53e06489f,الدكتور جرّاح آل سعود,310-735-9752,Dammam,2025-07-05
a3e76f08-8e4b-4732-a174-9a8591c48938,عبد التّواب بن لادن,001-727-884-6096,Jeddah,2024-07-15
55de4ea9-44e7-4eb6-8f9a-836fa4f920ea,أسرار آل بن ظافر,316.331.7007x304,Riyadh,2024-04-02
fc961c12-f630-4ae7-92e9-bc5c5314db3f,عبد الجبّار الراشد,(255)768-4287x333,Medina,2025-01-01
ad7c1d06-e615-4db8-bc94-ae857a4e545b,المهندس كتوم الراشد,282-554-2542x560,Jeddah,2024-03-20
f56faac2-acb8-490f-9b87-eeae8f0f3a33,آيات الجابر,941.226.4201,Mecca,2024-11-24
14994e96-c696-4616-b829-7ee7abb07034,جهراء آل عايض,362.248.1295,Medina,2026-03-05
ce53263f-1250-48d9-a85a-145d4e4fce0f,الأستاذ راسم كانو,897.482.3918,Jeddah,2025-04-05
27e21e5e-79a6-4545-b919-2534615458ff,ناصر آل سعود,5312071712,Dammam,2025-01-31
b5835691-c273-4c9b-840f-02b211924430,الدكتور فهمي آل علي,7718639322,Mecca,2025-12-12
514b9957-ba9f-464d-a7d9-e47e473e1ab0,الدكتورة جميلة المغاولة,001-383-313-9740x30806,Dammam,2025-02-01
9bed9164-6704-43c8-95c4-864600579db8,مَجدي آل بن ظافر,754-314-9723,Medina,2025-03-01
9bbe08e3-8dc8-41b4-bf23-0b623bc61e59,دانة الحكير,571-662-9550x4542,Dammam,2024-05-17
96cbdc13-2049-4229-b4b5-fc7d0a2d368f,المهندس مشرق آل عواض,001-254-895-6789,Dammam,2024-09-27
aab53b6e-a3db-4e23-af12-9f9edc48a21f,السيد مرتجي المهنا,3864983905,Riyadh,2024-10-16
11f9123b-803a-41ce-ad4b-e1fa46621e9c,نور الحقّ العليان,975.865.9352x41559,Jeddah,2025-02-25
d1ca9146-1bf7-48fb-b392-e1168acc2c7e,السيدة أريج المشاولة,751-413-8818x700,Jeddah,2024-05-05
5f7e5003-33f8-47cd-9851-20cf83c35446,الأستاذ صقر الجابر,9274517179,Medina,2024-05-15
7d6fa202-66f6-4a8d-a8a9-f29cea6769f6,ميار العقيل,671.856.7193x667,Dammam,2024-04-25
7cfbd880-0b0c-4662-b2ea-e5a625956a29,الأستاذة نشوة بن لادن,(392)751-3000x405,Jeddah,2024-06-15
d5fb1999-e8e5-48e7-9871-2ed32426607e,ريان آل صفوان,001-512-498-6208x3879,Dammam,2024-06-03
02a6a8fc-6edc-417b-b975-3df8c5808588,السيدة أفراح أبو داوود,(404)859-8697,Riyadh,2024-11-19
3d3f5fac-7420-4c55-b964-02edbc1405c3,ليساء آل عايض,561.426.6292x523,Mecca,2025-12-26
b1b1e4ee-156f-44d9-8353-067f75021333,مخلص حنبولي,(663)902-1764x236,Dammam,2025-04-11
5135f41a-65ec-4ff3-9027-d12a7c239cf1,الآنسة إباء المهنا,3044039822,Medina,2025-03-29
dac5da19-c3ee-4de7-a7c5-f7769d3aaf6d,نصوح آل عواض,842-379-9060,Jeddah,2026-02-15
5f14c907-d4ed-4d61-a50f-0b28623482a0,السيدة يارا آل جعفر,512-285-0312x4942,Riyadh,2025-08-13
6b751291-4b51-41eb-a995-f0436a06ef96,السيد نديم آل حسين,836-315-5592x63965,Medina,2024-11-24
27cfa475-c9bb-45e8-9112-ce53b5adb664,نصر الدّين فصيل,7948178605,Mecca,2026-01-20
e4745c17-4a5b-453c-851f-0e457eff8d92,اصيل أبو داوود,363-326-5041x199,Riyadh,2025-12-11
60d8d96b-fe98-437a-afd4-a135c7adca4c,فيصل الحجار,+1-474-345-5676x38392,Dammam,2024-05-18
cb6bac28-374a-4275-8c71-acf4df1d8713,جود المشاولة,+1-735-795-9734,Dammam,2025-03-11
6753effa-0d56-4d63-a8d6-5a2874b8943b,تمام العقيل,9449184427,Mecca,2024-11-16
3ddf48ba-d7cf-41ae-a895-a5bdf2dc200a,روفيدا آل العسكري,(509)549-9503,Riyadh,2025-11-07
9d6ad413-ecd2-48c8-95e7-f576d28e561a,رامي مهنا,370.730.2146,Riyadh,2024-03-11
af1610ae-04f4-4162-ac86-ba692bf6060d,جهراء آل عايض,596-529-6484,Jeddah,2025-12-15
e0a13b27-a9c2-41b0-86ff-f6e8692457ea,السيدة نوف شربتلي,+1-986-602-2335x02145,Riyadh,2024-11-19
f42224a6-d1b1-4e56-bfdd-6ac54c22db6f,ياسمين بقشان,388-924-2336x2833,Riyadh,2024-03-15
ba1dc12a-1075-4100-8c4f-83a043e60f0c,الأستاذة ابتهال المشاولة,001-533-884-1007x00627,Medina,2024-03-25
d733ae1f-0d8e-4995-a169-3fac3a83cef7,رضوان آل محمد بن علي بن جماز,334-830-5441,Dammam,2025-04-17
dfa61f8b-40a9-4cd0-8474-9752389fcb75,جهراء مهنا,+1-466-331-1674x4440,Medina,2024-08-26
035cc6c3-c67a-4590-a2ba-9142c5baddbe,الدكتورة ريف فصيل,5846074467,Medina,2025-06-06
197ae744-5cce-4009-9a5b-fa27fdc40f4b,بشرى كانو,263-312-1915x2071,Medina,2024-12-24
336526d8-82f8-4c53-94db-262ece53c9e1,علم الدّين أبو داوود,274-587-5816x4912,Mecca,2025-01-06
38df3c50-b4ea-44eb-9892-0e3bcb8289f8,قاسم الجابر,6833535205,Mecca,2024-03-14
685d52c2-3575-474a-b801-c4e4ad36d68e,الآنسة بهاء العليان,990-650-4471x69368,Jeddah,2025-07-29
de26ec93-c0bf-45fb-8e1a-381524f59758,بهية آل خضير,797-596-3042,Jeddah,2025-06-04
cd975614-6fb3-4bd5-a58c-8a1e6004bc23,ريف العقيل,(451)577-4964x0578,Mecca,2026-01-10
a152c7b0-ff50-449a-a9fa-721b040c58f2,باسمة آل خضير,608-561-0209,Medina,2026-01-06
4ef80742-8003-44ca-9a67-e54af325f522,الآنسة بلماء حجار,8538205956,Medina,2024-05-30
b98af53b-911c-4f66-b35a-2141eef37546,الأستاذ فاتح آل معيض,(823)504-3331x269,Riyadh,2025-02-12
b61ed5af-3020-46cb-ac4d-b479b881d1cd,لينا الراشد,+1-435-204-2707,Jeddah,2024-12-21
89642a3a-7341-4685-be1a-359f00f16e40,عبدالرّحمن آل عايض,+1-818-714-1146x033,Jeddah,2024-12-23
2e005058-a955-4731-80ee-8dbfda90025a,بنان الدباغ,(917)501-6488x9848,Riyadh,2025-07-08
37ef5a1c-74ba-43a5-ab4c-0cbac9f84fd8,عذب فصيل,+1-249-642-7097x6311,Riyadh,2025-10-09
1ae3aeed-8bf1-4a8b-9c26-c9e2427d3900,السيد غانم الجابر,825-282-9467x9392,Medina,2025-06-04
38b3b839-025e-4a28-83d1-e177dc5c7bc6,السيدة ميسون آل العسكري,207.897.5845,Dammam,2024-09-08
a92a4013-8c25-4b7a-9586-38c6470126d1,طامح آل بن ظافر,001-729-928-3805x818,Riyadh,2024-09-17
9b63e672-2945-45c8-af60-705cddd75df3,لوجين الشايع,305-704-7210x31835,Riyadh,2025-02-07
e65e84e1-012f-46b0-a2b9-47bb3d0cf6b0,السيد سلطان بن لادن,(933)230-5113x24014,Riyadh,2024-05-06
b6ad8a03-ebe5-4ae7-b21b-0ea3a453d554,الدكتور عدلي الخرافي,995.947.9745,Mecca,2025-11-14
ede8bef0-40d6-44af-a29f-86bff3e0be80,الأستاذ مرتجي الحجار,001-928-937-6838x4167,Riyadh,2026-01-04
39fc59ea-71a3-44a4-9215-511b599f330b,الدكتور عاطف أبا الخيل,001-433-570-0747x0581,Mecca,2025-03-19
b5a1202c-02ae-478c-b3cc-e5974dc372ba,الدكتورة باسمة الراشد,(926)618-5739,Mecca,2026-03-10
5aa26f1a-0f2d-4df2-928d-5ac18903064a,السيدة لارا آل علي,480-709-1924x174,Medina,2024-07-12
2f135d06-8957-481b-9fab-dbfa75180b8f,إباء مهنا,(698)512-5526,Jeddah,2025-10-06
38e711c5-6cc2-4778-8ff6-3347a4350e4d,المهندس رجاء آل حسين,(602)694-2084,Medina,2024-07-27
9df69cd9-89e1-4514-b023-faa92caec2db,حياة أبو داوود,+1-791-901-7834x885,Mecca,2025-08-23
c4cd0167-ea02-4ce5-bc1c-c82d0fef5c0a,الدكتورة ليان آل عايض,001-405-749-8507x65485,Riyadh,2024-09-01
afcb3c37-3a71-4189-974c-9dd965160e67,طائف المشاولة,521-572-2570,Dammam,2025-09-15
138d0655-3e53-49e3-88ff-3e6ee3f5009c,محجوب المهيدب,001-778-785-7243x3010,Medina,2025-06-08
e1bbe45d-a0a4-4141-ad9f-7b5679782804,عبّود الجابر,(614)810-7593x7449,Dammam,2025-02-26
18af920c-515e-4475-970b-b0e32484c7e2,عالية بن لادن,001-373-977-3042,Dammam,2025-02-27
c5dad48b-e83f-4f55-b446-a5039302f84b,الأستاذ جابر فصيل,399.298.2203x597,Medina,2024-07-26
12cff7bb-3d87-4dc1-8e41-fdb8045122bf,الأستاذ فؤاد فصيل,001-740-301-4612x00827,Dammam,2024-07-25
16167b05-43d6-4da3-8860-2f96ebaceab1,السيد ثاقب الراشد,(625)424-5497x386,Jeddah,2025-12-22
d70c8d9d-e176-4fc1-91dc-315f7e26fd4d,يسرى آل رفيع,+1-517-408-9870x3632,Dammam,2026-01-26
7720e8e4-cb4c-43d9-8bf8-6d72d8d73f0c,المهندسة حياة آل صفوان,+1-242-322-9811,Dammam,2024-10-21
26724177-6de4-4ccd-9306-ed1167fb0566,طيّع الشايع,584-510-3229x694,Jeddah,2024-05-20
b04f8c2a-e6ba-40c8-8d99-e1720e39ba6d,بلسم العجلان,774-755-1218,Medina,2024-06-08
e5c6db91-5a6f-421e-944e-2262cb52412e,نبيه آل عايض,(222)746-9812,Mecca,2024-03-29
185728a8-3412-449c-b023-a5a00b6546d5,لوجين آل مقطة,814.875.2932x972,Riyadh,2025-12-10
0529c9c1-c6ab-4617-ad7f-1d30c2b36bdf,حميد آل صفوان,950.828.2974x698,Mecca,2025-03-04
485c9098-648f-443c-940e-b21b9afb4d00,السيد عبد الغفور الخرافي,999-714-6256x109,Medina,2024-10-17
88019f2c-94f4-4c2d-8597-bcd265140004,طيّب آل بن لافي,575.267.4124x1266,Medina,2025-03-09
72f8d6fb-4617-48e9-8860-d4ad9264bb17,عبد الغني آل بن ظافر,001-724-568-4384x92553,Mecca,2025-08-26
38e505f5-c117-4387-baaa-721ebb204fcd,فداء بن لادن,274.324.7994,Riyadh,2025-04-19
f281cc0a-f440-4b1c-9016-7da345c1e892,هايل آل حسين,862-780-0942x77883,Medina,2024-06-12
34dd0efc-c4c6-43ad-bd79-9d43298fe6e3,فايد آل العسكري,756-522-7890x76672,Riyadh,2024-04-19
42b89b6d-d952-4952-a014-bdb011bec959,الدكتورة راما آل رفيع,(467)943-6066,Riyadh,2026-01-10
d4432b7b-02e3-4eab-a3f8-dea96a568002,الأستاذ فراس آل خضير,001-900-633-1085x919,Medina,2024-06-28
f9f5ee39-57d0-49c8-b500-0e8cd52b0412,الدكتور عبد العليم آل حسين,595-802-1775,Jeddah,2024-12-29
cabed4e2-9eee-4cb1-8281-af78c97ed48e,الدكتور ناعم المهنا,896.617.7429x4942,Riyadh,2025-08-25
87d9f6e4-358c-4113-9347-1989fde30cda,قنوع آل سلطان,936-437-3664x9127,Dammam,2026-01-23
897938ad-c455-479a-b8cd-192267144d5e,ابتهال آل صفوان,001-661-905-6977,Medina,2026-01-12
19aac7e0-5c57-4b08-b4ef-fcd95ac09640,المهندسة جوانا العقيل,(551)347-4386,Dammam,2025-12-20
13fa7adf-5a11-48a4-8292-6906214085df,الدكتور جدير آل العسكري,(731)612-1474x8822,Dammam,2024-07-14
82630b81-c831-43ea-a55b-8347f20a4cf4,الدكتورة لتين آل حسين,723-901-2152,Riyadh,2024-06-12
6518e153-d56e-4ab8-b99c-3bcec35c27b4,قائد آل معيض,+1-673-931-9491x41654,Medina,2026-01-01
980d3fac-ad60-4e14-85eb-87f0227f47e3,الأستاذ جرير المغاولة,(649)540-8572x32618,Riyadh,2024-10-26
c415187b-7491-4a4e-9a70-91c075221804,الأستاذ حنفي مهنا,7846200894,Mecca,2024-11-24
2bae7d5a-ae09-40b8-93d8-9b8f50acf31e,جود آل جعفر,001-372-815-1511x2595,Dammam,2024-10-29
78e780cc-99b9-4b79-a4db-9869a6d7ee9e,المهندس عبد الشّكور حجار,+1-345-391-7215x07375,Mecca,2025-02-12
d5b638b3-69df-45f0-92bd-03a30205319a,السيد حمزة العجلان,(874)343-9413x8810,Medina,2024-03-21
9901942a-ad6e-4691-a14f-533c1b15fb58,الدكتور شكري حنبولي,598-549-7777,Mecca,2025-08-21
e6f8b8a5-bd05-4910-87be-370e004692c0,الأستاذة شهد آل معيض,001-678-332-1240x088,Riyadh,2025-01-26
c4852589-527a-4691-a9c8-6e1837aaa852,المهندس شدّاد آل بن ظافر,(611)271-5512x3403,Medina,2024-12-31
122d44bd-ae06-40c4-b645-01657f30c393,السيد راوي آل عواض,(319)825-8854,Mecca,2024-11-02
72e50d41-baf0-43e2-a2a6-eb27a67ddbf7,المهندسة ميلاء المهيدب,001-425-720-2452,Riyadh,2024-09-25
de64fff3-a3ad-45c0-a9ee-16a295a9d6fa,السيد ثابت آل خضير,(689)229-7482x404,Medina,2025-02-27
fa32eece-20b8-4284-8082-ac8f9a4ed49b,المهندسة ريف آل محمد بن علي بن جماز,306.388.8199,Medina,2025-12-10
e5c54e5d-c46a-4dde-9a6a-e91ec90ced22,المهندس عماد آل حسين,666-508-2111,Riyadh,2024-05-03
292b806c-f5ae-4f4e-80b4-bfb9ebc2c714,شادن المغاولة,(971)699-4579,Mecca,2025-11-01
959be1b9-8173-4fce-851e-d076ccf744f6,سلاف آل بن لافي,001-845-662-1659,Dammam,2024-04-04
41ec7a08-c37b-4e92-ace4-2a640290f615,كاسر المغاولة,802-507-9347,Dammam,2024-09-14
592cb0d3-ba98-4e3c-a69c-0167ccf1e0a5,أفراح آل حسين,(400)516-5313,Dammam,2026-01-14
c0b339bf-5144-463d-af35-668a78e368c9,السيد مظهر الحجار,268-217-8217,Dammam,2025-07-31
02fe3578-917f-47c8-a306-359352f4cbf2,الدكتورة لينا الراشد,5664767231,Dammam,2026-01-21
2bdc727c-a94e-4753-9727-0a1dab893148,جود العقيل,7649455405,Mecca,2025-01-17
17ef2adb-1429-43ea-a631-97bd6a5a332a,محفوظ فصيل,(838)324-7206x009,Dammam,2025-12-13
37f4e76a-46aa-4c3d-a6aa-577727903cb9,الآنسة ضياء فصيل,(461)809-1898,Jeddah,2026-02-03
a748ee14-c1cc-4c82-a3bd-7f6371e5fa43,نوال الجابر,+1-310-954-9483x1504,Riyadh,2025-10-27
58f5c2a0-2419-4cb4-b76c-52a1d88afc72,المهندس صخر الحكير,498-339-5451,Medina,2025-06-28
aa24ce03-c404-4ea3-ac28-f76d10126f37,لورا آل صفوان,001-749-546-6001x161,Dammam,2025-05-10
946f2f97-a664-46d1-bfbd-a59a747533ad,سعود الحجار,(241)305-4740x9364,Dammam,2025-01-20
faa9e33a-f343-41a1-bc1e-56c8963e5068,ميثاق كانو,(909)997-0796x1335,Jeddah,2025-09-24
da8de354-a048-491b-908e-6cd81c67c46f,الآنسة دارين الخرافي,(437)327-5549x094,Mecca,2026-03-02
64f31b37-c2b6-4f4a-b142-a64305405f37,جالا المهيدب,758.542.9804,Jeddah,2025-10-16
1b02e193-c950-41dd-96fa-e9f6b53fe6af,سلسبيل آل جعفر,001-527-557-8688,Mecca,2026-01-21
f75c84da-bfe7-4b0c-8e8b-fe22de4da5d5,الدكتورة ريفال الجابر,817.695.1506,Riyadh,2024-05-22
77c364fb-0dfd-4b6c-a25c-cad4314df92b,غانم آل مقطة,(701)345-6640x401,Mecca,2025-11-24
da58338b-7d45-4311-81fe-df8d1b8a85cb,ياسمين آل حسين,486.505.7978,Jeddah,2024-10-19
98bb9597-541d-44b1-ab11-a490d3fc155d,مالك الحكير,758-412-8710,Jeddah,2024-05-08
5166b12f-4e88-41d9-9862-6a39cfc5bdd7,ريفال الحكير,841.491.5131x417,Dammam,2025-07-03
43f63ecc-f691-460c-adb6-de17e6bd06e2,ميسون آل الشيخ,567.992.0519x78092,Mecca,2025-04-05
be58b3e5-b7a6-4c06-a241-b84d03f1149d,نصر الدّين آل الشيخ,350-798-3897x31622,Riyadh,2024-05-29
751d5f1d-279d-497b-ab67-e55fda207d75,أزهار آل جعفر,750.796.7764x005,Medina,2025-03-13
e2f0e8bb-e0e8-43a6-a820-14c8de31a234,ايمان فصيل,+1-567-679-5882x4373,Jeddah,2025-02-06
5c40d51e-3d00-4efc-b9fb-987e809a76fd,خليل آل محمد بن علي بن جماز,760.880.4567x18197,Medina,2026-02-23
a4ec4b2f-6796-48c7-8e7c-ab7d1230c820,بهجة آل مقطة,513-443-1301x8015,Mecca,2024-10-19
de9b81e9-4ef1-4716-8221-8e6ca3c530af,بوران الحجار,777.986.3159x809,Jeddah,2025-03-02
2c02b5b9-4648-4129-80c1-c27941a05928,رشدي حجار,422.901.8147,Medina,2024-11-21
16f09c49-baae-4c95-9d47-0be245f0c0b5,الأستاذة وصاف شربتلي,562-829-7027x55203,Jeddah,2025-06-12
12864e45-70c7-46eb-b1b2-a03ae9e349c0,الآنسة دارين آل عواض,406.835.1312x95393,Dammam,2025-12-18
801a4ffd-1659-4a0d-af39-111e23843b98,الدكتور ترف المهيدب,001-758-625-4808x717,Jeddah,2025-12-28
9e3a88fa-9726-4a0e-b69c-8da58daedd1d,الأستاذة سجى بن لادن,(944)406-0419,Mecca,2026-02-05
c2c031c2-5ab3-4d67-a545-1b039eb6af24,وسيل الخرافي,(793)838-5003,Mecca,2025-05-22
d8604a4b-5b16-49b5-8ac0-d87010d8fe84,الدكتور عمرو آل سلطان,881-399-5709,Riyadh,2024-11-23
a91fbd04-dfb4-406b-a2b6-0be7d3259bb6,خيري العليان,001-687-717-5835,Medina,2024-06-30
2a25de4c-af6f-4df2-8c65-b2bd6924269e,الأستاذة كوثر آل معيض,6404321297,Jeddah,2024-03-11
e951b2df-3cc4-4fb1-91a7-4e511bfd116b,باسمة آل العسكري,4609592000,Riyadh,2025-12-02
c3ef6352-8be5-4cd2-a6f9-acf1d3f1822b,الدكتورة سلاف الدباغ,001-980-394-8577x939,Jeddah,2024-10-14
b7cf8be0-b862-4561-a62c-be6a30194df3,الأستاذ نجيب آل صفوان,4846919287,Medina,2026-03-02
d98b9332-ea22-4223-9611-3d95b30830e8,ميرا آل صفوان,+1-315-514-7187x465,Riyadh,2024-12-21
20dca0b8-3dd0-4657-ac2a-c30a7e06aea5,نجم الدّين آل علي,001-994-664-2373,Medina,2024-05-20
306bdd2a-0601-4662-9c99-23cd38f2c7d4,الدكتورة اصيل آل العسكري,001-863-900-4591x9376,Medina,2025-02-19
652e2115-ddf6-42e2-93b9-a40ab9187949,إخلاص آل العسكري,001-952-509-7129x96039,Medina,2025-08-19
d1c50888-43be-4c90-86ae-4f9d191ff82a,زياد آل خضير,(259)667-0923,Jeddah,2025-12-08
f82ef0c9-ab6f-4e71-a0ba-e9ffbff7df49,المهندسة كرمة أبا الخيل,(689)750-2577,Dammam,2024-12-17
8d0fcfa1-da55-45b3-901b-02d22297d564,تمّام آل خضير,(798)486-9315x5267,Riyadh,2024-05-17
0ccc997a-beee-4476-87db-875d4916a5b0,يحيى الحكير,883.869.0854x26731,Riyadh,2024-10-17
91589cd6-2077-4633-a8f6-834a5ec9c958,الدكتور سعود آل قصير,(877)607-7485x686,Medina,2026-01-08
929fd040-0bf4-41d6-b9df-b21def81badd,تولين كانو,634-596-3686x2341,Dammam,2024-04-30
7ed3a42b-d903-4f96-99ac-d0591a8bef0b,هاجر آل قصير,886.651.5938,Riyadh,2025-10-02
e216a8b1-db24-4479-a31d-10dcf6e9e741,موسى آل بن لافي,395.849.8263x301,Medina,2025-03-22
f24a9736-2a24-4d81-a071-e158d0842a66,الدكتور عبد الشّكور الدباغ,(319)921-4552x7358,Medina,2026-01-30
78b86f4c-df45-4e52-b1a4-0d16ac378a9e,السيد شكري آل محمد بن علي بن جماز,418-834-9348x3861,Dammam,2024-05-20
d655b610-429c-4464-ac8b-ff01a84d955e,ذكي المشاولة,355-794-2924x5386,Dammam,2024-11-08
ed27dcb9-e979-41c5-ba1f-91fc543f248e,غيداء بقشان,925.489.4008x6999,Mecca,2025-04-20
de8f34e4-64f7-4a59-80c3-8b88f0cd0b4e,حاتم آل علي,(876)538-5031,Dammam,2024-11-16
0f24e3ee-d420-4370-a848-d3b55155e20b,كاملة آل علي,+1-631-473-5645x240,Jeddah,2026-01-10
40965d50-7db3-49cb-80ee-47cb6cc2cdd8,المهندس لؤي شربتلي,386.224.6052x82997,Jeddah,2025-06-13
46e278ef-3b84-4855-8713-2ab0b32fe995,الدكتورة شهد الراشد,4597102529,Jeddah,2025-02-05
11b86e72-c341-4a21-81cf-76be9208a18d,ليساء آل عواض,001-380-358-3753x371,Dammam,2025-10-02
9cd5da87-b486-429c-a444-5a6d68dbc737,آلاء العجلان,001-792-589-5791x367,Dammam,2024-08-19
a69f672c-3093-472c-b952-416024c1771d,السيد ظبي آل حسين,652.894.9662,Medina,2025-10-05
32de0e1f-2b40-4fce-9180-58c45fcdd8be,الآنسة إباء آل عطفة,912-444-6200x8745,Medina,2024-07-15
e1e118e9-5012-45b3-a4c1-66a485ab48c5,السيد رشاد آل مقطة,7223832938,Medina,2025-04-23
7f5d56ab-d139-4b93-b773-d75634dd23a0,علي آل مقطة,+1-780-201-1046x43581,Jeddah,2025-01-18
fc4d4241-1059-435b-91a2-6aaff0d74416,الدكتورة نوف الدباغ,001-288-303-4296,Mecca,2024-10-04
0e87434a-8190-458e-b465-feae32c2381c,زياد آل الشيخ,(235)351-0507x388,Mecca,2024-07-10
7efa6c8e-d8fc-46ca-8f7b-4534517c1de3,شادي الحجار,(356)737-4534x5260,Dammam,2026-01-27
360610f9-1c64-4aac-b0c1-d69fe4dd9e11,رواء الراشد,617.370.2253,Dammam,2025-05-08
a2ba59ae-027e-44ea-a7fe-ce3a33cfe09e,طلال آل قصير,001-461-771-1015x9316,Riyadh,2024-12-22
de57663f-075c-4bf8-8095-2e9231ac9a6d,الدكتور مازن العليان,523.269.3156x98673,Medina,2024-12-16
ea1bfcd3-0f63-4e49-b729-2f30a2aaefde,إباء آل سعود,+1-685-276-9354x127,Jeddah,2024-07-01
b246aa0b-0cf8-47df-957d-86c9e00424d5,السيدة جوين مهنا,242.677.1640,Mecca,2025-09-08
77592216-5b4f-4cd0-9864-f1fccf63dfbd,سجى فصيل,391.398.5770x757,Mecca,2024-06-27
7c973a9b-505d-445d-bd0e-7b72743d4dac,المهندس عبد القادر آل رفيع,3304117748,Dammam,2025-02-06
1f7482e5-002e-4241-8b0d-ca740f325fbb,عصمت آل عايض,(659)347-1731x627,Jeddah,2025-05-11
1e5be32d-a3fb-49ec-92b8-ea3b6915581d,جوان آل حسين,001-435-960-8249,Riyadh,2024-06-02
125c96a9-4d04-4443-9062-c207b3413df6,وسيم أبا الخيل,756-661-3386x709,Riyadh,2024-05-13
5fb00e26-4e50-4226-9546-ec20fc6d53ae,إخلاص الجفالي,(427)717-4252x4463,Dammam,2025-01-20
fdaf6549-13af-44c8-8047-151d74a41780,صافي بن لادن,+1-708-587-6167,Dammam,2025-09-04
8fad9eab-8b8c-4d80-b883-b1f9861f223a,المهندسة بنان آل سعود,(382)539-0012x189,Riyadh,2025-01-12
85de200c-3e7a-4989-9b7d-1810bc9c2725,ألين أبا الخيل,854-476-3167x25173,Mecca,2024-12-14
650d6820-2eb2-46a1-bb1d-92c7ec4f4073,المهندس نبهان مهنا,867-455-5559x14318,Jeddah,2025-12-12
c64b05e7-3000-42c4-b50d-1ef4188e6cb1,المهندسة ميلاء أبا الخيل,209.596.8117,Medina,2025-08-10
0598f03d-5159-4c4e-a80b-239b89919cfe,الآنسة أغاريد آل عواض,961.488.7001,Dammam,2025-06-12
b7218801-1ed2-4b6c-ad24-743cbce95cb5,الأستاذ سرحان آل عطفة,431.852.1134x89799,Mecca,2025-05-17
cf213d96-3270-4b3e-bd49-1f314272be83,الأستاذ صباح آل معيض,+1-364-249-9524x6582,Dammam,2025-03-23
ea48baf4-a5ba-4818-b801-7040f4ca4f24,حسن المغاولة,(551)598-0973,Dammam,2025-08-13
ac1d0ca8-aefa-4601-8ebe-bfa4278284f9,المهندس كسّاب الدباغ,314.622.8859x5450,Mecca,2025-03-14
2fdd8a5a-b4d8-4ad0-9c3c-56420b834ca6,سجا الجابر,833.744.8344x65946,Jeddah,2024-08-09
7bf9acf4-6a5b-4876-bcda-cb1b7a045b8e,الآنسة غيداء آل الشيخ,001-377-571-8260x135,Dammam,2025-12-11
61cd5866-ef08-49b2-9e76-d3402363889f,السيد مرتضي بقشان,+1-327-356-0261x049,Medina,2024-08-12
e4255ebe-5d82-46f9-bdb1-04111b39eb21,عبد الواحد آل عايض,288.538.1485,Riyadh,2025-07-15
0d2bff3b-a58f-4b0d-91f7-62c432b118c8,ريان آل العسكري,9848556277,Dammam,2024-11-02
9f2a3f09-ec1b-45f0-b4b9-1de5f93f5fa3,شعيب آل قصير,955.883.1505,Mecca,2024-03-12
f0baa293-1049-4e93-bdd9-4d37c994dd29,الدكتور مسرور العليان,751-697-4640x44280,Medina,2024-04-19
9c767d88-5f9e-46b1-9d4f-3c9ae5f7f7c5,بدرالدّجى المشاولة,001-786-586-7856,Medina,2025-08-30
1751b306-ffd1-4ff3-9dca-45ff89721d9c,الدكتورة جيلان كانو,+1-222-927-1246,Jeddah,2025-12-08
4888e8d4-b543-4220-a6ef-f3de90c82562,ريناد آل عواض,+1-254-585-9147x238,Riyadh,2025-09-14
ca8539d3-e85b-4e06-9b7c-1475a1b68f6f,السيد ياسر الجفالي,463-629-4902,Riyadh,2025-09-26
239a2d7e-1e19-433b-b629-4f5ecf6e650d,جوريّة آل الشيخ,001-567-942-6280x28118,Riyadh,2024-06-23
bb0b9a6c-c98c-4b3f-9163-470e330562d3,السيد ميمون مهنا,360-522-8099x5835,Jeddah,2024-11-09
8014ba5a-a444-46f1-b96d-e59489d64881,ليان أبا الخيل,815.916.1807x78092,Mecca,2025-12-05
ff400135-741c-4841-a0d0-8f06aaf7a5c2,الدكتورة حياة الشايع,439.986.9308,Riyadh,2024-09-30
44ca039e-8973-482c-94fa-2b774b9b1a63,رئيس آل قصير,215.813.3509,Medina,2026-02-16
50b39237-2a48-4a33-9937-e77735f7beed,الآنسة تولين آل العسكري,(816)265-7142,Riyadh,2025-09-07
2b7f8cf3-bfc6-4304-b33b-37cf353b803b,عبد العليم المهيدب,001-929-666-2179x6941,Mecca,2024-08-19
24f19c31-2def-45c0-9d64-88a18a31634d,سجا مهنا,325.914.6109x9698,Mecca,2025-10-09
517f4055-12ab-4c81-a631-7b1bddc81c3f,الدكتور سعيد العقيل,926-268-3067x9574,Jeddah,2024-06-14
b6414eb7-e936-46dd-83a0-feef2aee7fa2,نجوان الجابر,001-228-535-1159x7243,Medina,2025-04-20
2c19142d-962b-446b-a554-454e7757a2c0,السيدة جوين المهنا,600.315.7545x551,Mecca,2024-10-16
136c3ae8-7658-4a38-90e1-fe91ea047e8b,فخري آل سعود,(641)790-9294x429,Medina,2024-07-05
c54a0194-9ed3-41e5-8358-7aa1283c8dcc,عاقل آل بن لافي,979.431.4188x54261,Dammam,2025-03-27
1b50fec9-d81e-49c7-8d76-416e86931762,السيد ظاعن آل رفيع,224-525-9645x558,Jeddah,2024-09-23
2ae7fe52-c8cc-4765-8c28-fbf9ff97883c,جوان الجفالي,(332)586-0094,Mecca,2024-08-16
e8a22b98-8cfe-4dae-903e-74a9761fafcb,ميرا الدباغ,9769512196,Riyadh,2026-03-08
3258f637-8135-467b-84c9-6463f1d88c4a,المهندسة جلنار آل الشيخ,995-670-7005x053,Jeddah,2024-09-19
2ae153ff-9881-49d2-80d1-d1f02442bd10,اعتكاف العقيل,001-647-869-8477,Dammam,2025-03-08
1fe7bfb5-cf7e-45b7-9c7d-523f285af18b,السيد راسم بن لادن,3282677432,Dammam,2024-11-07
402be4b1-aa07-47f7-ba49-39dafd8ccb9b,بتلاء العقيل,446-793-6689,Dammam,2025-03-29
079248c7-e9b6-4691-97eb-57b7bb9088a4,المهندسة سلاف حجار,4935812300,Mecca,2025-08-30
e8456639-8856-45d4-a67d-482f95b5e953,حسام حجار,997.436.4156x185,Jeddah,2025-11-06
498556a7-aa50-4856-b1fa-08d20937dc4b,الدكتورة بلقيس أبو داوود,841-369-5991x472,Mecca,2024-12-13
241c18a7-e26b-4e39-857d-e49408de2ae8,صارم الخرافي,6337530271,Riyadh,2024-09-30
9da43340-0fa7-4908-8113-e9055766dd96,صاحب آل بن ظافر,633.764.6762x32247,Riyadh,2025-09-14
e44c2a3c-46cb-4539-8f8f-b3b334499b86,هايدي بقشان,(259)884-9792x9506,Riyadh,2024-05-14
2f1fee31-e516-45b4-9ecc-1740743c096c,الآنسة شهد بن لادن,852.856.5419,Mecca,2026-01-17
1442af06-9c58-42af-b038-07893f9b6ae1,عصمت المغاولة,9172543865,Riyadh,2025-02-01
13802bcd-6e0a-464d-b857-6dc14a9a884d,سرحان آل حسين,627.383.0821x3351,Medina,2024-08-24
25500c18-0f87-4b94-9220-7351d3dca0b6,ميار آل حسين,773-400-7270x9323,Riyadh,2026-02-03
0d9f78f3-396f-42a3-b8a3-d032566c2938,الدكتورة أروى آل جعفر,001-661-566-2804x401,Riyadh,2025-12-02
1634dd17-91fa-409a-a7ec-72601090d5ac,الدكتور شبلي العليان,5152961141,Mecca,2025-02-02
b1845d61-b1c1-4bee-801f-f5211bb17f15,الأستاذة زكية آل معيض,6565673204,Jeddah,2025-08-28
2ac092a6-33f5-4b10-955e-b7042445a5dd,الآنسة ميلاء آل سلطان,700-666-4109,Riyadh,2024-09-03
24e46c10-ef87-46ce-a7da-787548a419a3,كنار آل سعود,2284057813,Medina,2025-12-06
83f1e6c0-2375-408c-a92f-0f9ad2fc111a,الدكتورة لتين آل محمد بن علي بن جماز,642-774-1984x6649,Mecca,2024-06-13
28ead96e-eac6-44b2-9592-1f99dab52baa,السيدة ميرال آل سعود,001-590-627-3755x27122,Dammam,2025-01-14
d15d4d30-6738-4a3c-83cc-34aa4f13f50a,صالح المشاولة,(796)785-7312x14337,Riyadh,2025-11-29
52bef7b5-47bb-491b-8415-c7d1866fffe9,رامي بن لادن,895.916.1658,Mecca,2024-11-09
c776fa9a-6830-4b89-8d5a-d8ef4d7b0b0f,نعمان آل قصير,001-442-795-2516x769,Jeddah,2024-06-16
de79fe15-630c-4c68-811f-7b69e9513a25,عبدالله العجلان,+1-770-213-0449x616,Riyadh,2025-02-22
ad287da3-0022-4386-8833-afd1e556cfbf,السيد عرفه الراشد,(882)650-8968,Dammam,2025-04-21
51d06343-f831-45b4-8dc1-c857f39a9b73,عتاب الراشد,001-374-331-9959x8691,Jeddah,2025-11-06
0cf2030d-be4f-475e-802c-b7f59c8747ae,المهندس قطز آل عواض,523.904.4363,Jeddah,2025-03-30
eb199b6c-1634-4bc0-8e7a-4b131102b1c7,فخري الدباغ,+1-345-265-5698,Mecca,2024-08-30
94f26a1b-c590-45d3-be68-b19abc846ffd,ترف آل قصير,(832)483-6487x0392,Medina,2024-05-03
c9026ab3-aea6-4bc9-b7fb-901b8479b04d,المهندسة لينا آل سعود,(617)913-6228x37488,Riyadh,2024-06-09
62804af1-4266-433e-a1cd-62a18b2a29b9,ناهد حجار,+1-340-503-3237,Mecca,2026-01-24
ce3f611d-d28c-4cd1-a2ef-1585c91e0b03,السيدة لارا شربتلي,9089305600,Mecca,2024-04-03
0d51b6a4-d561-46d1-8029-70ee57ab6d9a,المهندسة روبين آل بن ظافر,001-895-884-4271,Medina,2024-10-15
2dc4219d-014a-4e8f-aec8-ee7bdad2f1a9,المهندس عطاء آل عايض,001-233-856-0463x885,Riyadh,2024-11-20
5bfe3ab3-87f3-499c-a8ed-0fce6047a9d4,وفائي آل الشيخ,446-449-7526x1226,Dammam,2024-11-21
bf1c093f-b446-417c-8198-0d5994aae9ea,كاملة آل علي,581-937-1732,Jeddah,2024-08-22
97ba4e6f-4cb3-45c7-aa56-220fca0f997b,كبير آل بن ظافر,805.423.2369x3065,Mecca,2024-08-18
00a40983-38e9-417a-a0bf-70b9a0fa0b8c,ميرال مهنا,(714)726-9702x43086,Riyadh,2025-05-29
3349f24b-6d72-4c02-9127-55fff1eeee0e,الدكتورة بلسم الدباغ,6699676055,Mecca,2024-09-13
208421b4-ef3c-4919-a9e2-3c03fb7124c5,مُنجد آل محمد بن علي بن جماز,(660)836-8757x61669,Riyadh,2026-01-03
58be02ae-d50b-4a2f-8895-5f766dfe41f3,جوان مهنا,605-737-6993x079,Jeddah,2025-11-18
6e6ddfdb-e007-4199-86ae-9f2dbf994b74,ميمون آل الشيخ,8782807998,Riyadh,2025-04-17
787af168-bb49-4e29-afe7-0ca0b915a246,المهندسة روبا آل مقطة,796.847.2454x70577,Riyadh,2025-05-09
a09ce6a3-8d3f-420a-be0f-2f16077b6d6e,جلال الدّين آل سعود,001-552-681-2874x449,Mecca,2026-01-31
75b71137-9870-48e4-857a-5ba969b8bb0d,السيد شاطر آل رفيع,(585)851-6155x861,Mecca,2024-12-02
e75b0a90-280c-4815-a8b7-8bb780a83048,الأستاذة هيام شربتلي,348-730-5538x172,Riyadh,2025-05-16
b834516b-92b7-44fb-8a98-6fba0c2e035d,السيدة ناهد الحجار,(702)291-4501x860,Riyadh,2024-03-22
594fce2f-5005-4b12-a5e8-98b1b48692ac,وصاف مهنا,874-670-6676,Jeddah,2025-05-04
e945fe4c-7911-41b6-bde8-8d43fb1e30a5,بهجة آل رفيع,001-661-546-2475,Medina,2025-01-06
0e64b438-b9e5-4c67-9044-4a542bf97081,دانية الشايع,953-710-4853,Mecca,2024-09-26
a35b59e6-7e87-457e-b7b1-55b27dd6a697,لقاء حجار,(906)828-6086x469,Jeddah,2025-09-17
afcf9779-d0e5-4445-8bea-b8140345b82d,ضياء العقيل,+1-259-494-9560x299,Riyadh,2025-06-25
d6d721b2-7d59-4a1d-88d8-fd2a4c1d5574,السيدة حياة آل قصير,+1-875-658-6977x75360,Dammam,2025-07-03
300deced-e025-4323-b829-95549b20da84,الأستاذ راسم المهنا,001-561-258-7920,Riyadh,2026-01-04
88ddf359-3edf-4143-9959-b6622a7d7ac6,الأستاذة وصاف الدباغ,001-632-728-8940,Mecca,2025-10-29
47332538-4a43-4ccf-9388-83053e1269c9,السيدة لوليا كانو,953-217-7080x1687,Jeddah,2024-04-30
393d6f82-0cdf-4fb2-a802-4b4f22cf27e5,الأستاذة ابتكار فصيل,(908)292-0093x56613,Riyadh,2024-07-26
fffc6668-57a9-43f1-8eb8-c0bb83a297ad,السيد ترف آل بن ظافر,+1-829-844-3279,Mecca,2026-03-09
ee35f39a-52c9-4d6f-9531-b995786516d4,ريفال آل العسكري,+1-960-985-6716x321,Mecca,2025-10-28
e901bf36-2131-499f-ad9c-294d7540605e,عمر شربتلي,459-497-0146x5504,Riyadh,2025-01-23
50a0b0f8-08f0-49e8-b3d1-4ac7517b5052,الدكتور راضي أبا الخيل,(446)247-1313x311,Dammam,2025-11-09
c2daad9b-f813-49bc-97e9-a4dbe607ee58,الدكتورة جوليا آل سعود,760-965-8921,Medina,2026-01-02
88e403b4-c332-4800-a067-0404e23e9626,صبيح مهنا,719.903.9398x4075,Riyadh,2024-11-27
a7ceec31-bc93-4e1a-a641-cf5e9b947771,الدكتور لمّاح الجابر,001-617-618-8632,Dammam,2025-12-31
19e4d234-5aef-4833-80d1-3b1dac1de300,سبأ آل سلطان,(843)775-0552x5610,Dammam,2024-05-20
a7d9fc9c-0ac0-45a9-9cb9-b9321f9f114d,أسيل فصيل,001-781-468-2900,Medina,2025-11-03
d1bf7d4d-fb68-4982-b9a2-b2d9fe937c50,الدكتور زبير الشايع,001-453-807-8674x92681,Dammam,2026-02-25
d9853445-ed1f-4ad5-b02a-d348efa5e1a2,سلطان آل عايض,(522)945-6999,Riyadh,2024-04-27
f4e7fbb5-77cc-47d9-bad9-1d422fce8da6,زكية آل سلطان,001-876-852-0190x81028,Dammam,2025-08-10
301322a5-530b-4274-87f5-ce42649fd5a7,المهندس واصف العقيل,390.689.2104x676,Dammam,2025-07-06
1894f05c-6c0b-4260-8d1c-d3200c267422,المهندس ساهر آل معيض,446-708-4838,Jeddah,2025-12-03
1d7f1fae-58b6-46ec-8159-cb110fea80cf,ابتسام المهيدب,(955)679-1692,Dammam,2024-10-21
dafd7578-7c7c-4fab-a77c-5f070572e464,ربى آل رفيع,331.946.2530x7848,Mecca,2024-05-30
b025f1b6-43b3-4e31-a769-5f9c56ed5249,الآنسة ميسون حجار,787-450-0660,Jeddah,2025-06-03
738749fd-581e-4ef4-a1d9-984e5b44c1d5,نوّاف آل عايض,568.518.9927,Jeddah,2025-01-18
26dca1ab-9120-487c-b886-0352afd175b1,الأستاذ سامح العجلان,780-793-5817,Medina,2025-10-13
b22f8516-b5ab-4933-8c89-3ec454e45b33,لورا آل علي,001-416-921-0171x1404,Medina,2024-09-20
bc250c7c-6427-4761-8a3f-673d09ec48ce,الآنسة أزهار آل خضير,001-368-328-6665x0882,Riyadh,2025-01-17
1512fbbe-7ece-400d-b1a8-17ba7c3129bd,لينا العقيل,823-576-7835,Mecca,2025-04-17
ef9d47eb-d236-4063-bb44-70499d849a1e,المهندسة ريتال الحجار,337-245-8002,Riyadh,2026-01-18
8f339e20-7250-4b0f-8dc7-9397c8f60a50,الدكتور مالك آل سعود,221-327-5610x6463,Jeddah,2024-08-12
39bec6e0-9401-4327-9564-23bc418f4adc,ريان حجار,224.680.1974x094,Jeddah,2024-12-10
6b7bed01-f16f-488b-abde-0f825019f69c,ترانيم فصيل,549-296-5778x3777,Medina,2024-11-26
978f9fe3-c23e-4e5b-96ee-332d8c253923,لوجين العقيل,2783719549,Riyadh,2024-09-02
e1c987b9-e116-4370-a9f8-c9b53e127c73,الدكتور ثابت الشايع,(294)747-8052,Medina,2025-07-13
ca4d7a61-a3d1-472e-9f66-b89c7394610e,لبيد بقشان,(761)454-5713x817,Jeddah,2026-01-07
725d950d-0bc8-431a-ae4a-432a64038315,السيدة لورين آل خضير,(709)249-3797x7774,Mecca,2024-06-19
33748fc3-a756-4563-a718-0eb85084cf54,جواهر آل خضير,(991)350-4376x59191,Riyadh,2025-05-10
d61bc8e4-d2bf-46dd-bd15-5dc32cd4d53c,الأستاذ سراج الدباغ,001-525-290-2312,Riyadh,2024-04-11
97ef6871-b758-40ef-a53a-81e753f03d2e,لتين آل صفوان,(813)861-5467x199,Mecca,2024-08-18
6bb3f62a-1c07-446a-931f-11ebbbdbc2cd,ميسور المهيدب,+1-663-421-8561x58150,Medina,2024-11-04
8dac205c-ba7f-4cbc-aad5-7b7dea6b98da,شعبان آل مقطة,(765)271-3387x01569,Riyadh,2025-02-02
0cb5ddf1-d294-43dc-b7b5-9c405a050db3,بنفسج العليان,646-933-6113x949,Riyadh,2025-04-18
e55868c0-ff83-4198-bc01-9c09ecaf4340,زغلول فصيل,353-452-2123x915,Riyadh,2024-09-04
50deac62-0e8b-4219-bd24-d00873b8e088,الآنسة بهية الحجار,(960)912-7731,Medina,2025-05-27
612b9bf1-befe-4d9f-adc4-7e4a49f4d5ea,الدكتور شفيع أبا الخيل,(840)204-6110x020,Dammam,2024-04-14
61cc2fb2-4d9c-406a-a394-b19f50f11eec,السيد جرّاح الجابر,+1-997-527-9584x9665,Mecca,2024-09-10
c8167c81-b06e-4f2f-ace5-994d05e161ac,الآنسة رواء آل الشيخ,9326983004,Dammam,2025-01-07
d00f0bc6-c6b5-4129-ac93-88fa5abdebfb,الدكتور مرسال الخرافي,540-390-2208x5899,Jeddah,2025-05-02
4db94203-830b-4bc0-8090-0f273ec4ba27,صبور آل بن لافي,733-593-3080,Dammam,2025-02-23
ff41e731-3a0c-4e0f-8bea-4b3a92c9d842,الأستاذ تامر آل سعود,525-852-9665,Dammam,2025-08-09
b778983c-754e-4892-a7a4-fe00374c8345,جلاء العليان,+1-529-423-4631x31000,Medina,2025-05-05
b802bb11-3db0-41aa-bc36-195e74665329,مُعتز آل رفيع,(600)972-3899x917,Dammam,2024-05-13
1409d7b0-72be-4c71-b97e-454365f9457f,السيدة روبين آل رفيع,358-281-6527x020,Dammam,2025-06-15
0aedea11-76bd-4c79-b1e3-a4a13261120d,مهنّد العليان,394-834-8688,Mecca,2026-01-23
65221c61-13e0-4e71-8b53-fca436516bf9,الآنسة شهد المشاولة,(691)265-6835x52784,Mecca,2024-07-29
a8e3b7f5-dfbf-4080-abbb-a1afc0a22a99,المهندس دهمان آل مقطة,001-480-269-4908,Jeddah,2024-08-10
ba62d7df-c6b0-46f3-8424-fd6e76a7dc2d,الدكتور مازن المشاولة,001-278-641-4829x77007,Jeddah,2024-07-29
0fd66e51-a900-46cc-aafa-fe8cb9a10170,بثينة مهنا,001-944-205-1498x923,Dammam,2024-08-29
251624ba-6289-4ac3-b400-4e6f1d13d856,شيّق الحكير,429.835.4702x3072,Riyadh,2025-03-06
b3fa55e9-cf73-4d18-b96e-a2b4cbeb7083,الأستاذة أسرار آل بن ظافر,(728)309-7057x08472,Jeddah,2024-07-29
28ea7f0c-3892-4165-9e1c-76b2fdde717a,الآنسة ريتاج بن لادن,260-940-6926,Mecca,2024-04-22
eff19b70-c968-4257-bcf4-8791021f0e8c,هدى العقيل,(619)253-6313x82821,Jeddah,2025-02-18
ff803c6a-5fb7-4a90-b550-90a21f23cbb2,بتول العقيل,+1-813-219-8502,Mecca,2025-06-22
984c3628-a464-4296-9e92-43172efbe0c2,سراج الدّين آل عايض,001-392-242-7057x7451,Riyadh,2025-09-07
d531e129-b443-42a5-8233-8fad32d45c07,رجائي المغاولة,880-669-6534x8236,Jeddah,2025-06-17
b1fccc60-efbe-4cd9-abb8-d1df9fd74c0c,لبيب كانو,+1-935-434-7534x04893,Riyadh,2025-07-11
5b63d755-c39d-47cc-9c19-c318e9c5f51b,عبّاس أبا الخيل,(930)630-9968x165,Riyadh,2025-12-07
be87c2d3-1231-4454-8567-9eeded16753d,الأستاذ صعب بن لادن,4937595195,Mecca,2025-03-31
e953b585-6ff7-4664-95a6-c9875c964462,فتوح المهيدب,2866669456,Medina,2025-10-16
fb6d9b5a-1bfc-4482-b78d-b9ac80cd1bbf,المهندس شافع المغاولة,001-959-841-6229x417,Jeddah,2024-03-17
17dd06d0-13dd-4052-b3a2-4e343b83dbd4,المهندس زايد آل بن لافي,7092654962,Medina,2025-06-27
2de9977c-9b2f-4716-aab3-81f0a2312c38,فاضل المهيدب,001-999-430-0895x43882,Riyadh,2024-07-29
c6f5a2db-0896-4763-b52b-7782339ea506,جاسم آل صفوان,+1-578-879-3388,Mecca,2024-07-04
3a0f5edb-2aab-488d-9208-9cab4053e206,الأستاذ نور الدّين بقشان,+1-694-238-6628x2074,Dammam,2026-03-06
008a81d1-7e4f-494c-bcfd-f169547c2e70,ايمان آل قصير,(682)712-0421x024,Riyadh,2024-04-24
f85692f7-2714-4894-bffd-e2dc457a9fa9,الآنسة فداء مهنا,(341)547-8578,Dammam,2024-09-09
44877bb4-f054-418b-b6bf-03ae97b35b10,سراج الدّين الراشد,686-998-7317,Jeddah,2025-11-12
21bf0644-14ac-4c10-85a4-5655dedb4fc5,الآنسة فردوس آل جعفر,714.264.2511x90717,Mecca,2024-11-04
f10e103b-c5b3-4714-a56a-c144e10f4b5c,الدكتورة ريما بقشان,001-765-852-4643x879,Riyadh,2025-11-24
3a7e0d68-0aad-4e0a-b1f1-7aa536d1f999,الدكتورة أسرار آل صفوان,(640)469-4084x96915,Medina,2024-12-30
e7fce600-0a95-4e62-b0e6-8d171f7d4e9e,الأستاذة لينا أبو داوود,6123179660,Riyadh,2024-06-08
f02c1354-65bd-4eb8-ba16-2abf157b19f2,المهندس دهمان الخرافي,472.907.4675x58064,Mecca,2024-05-21
992a94fa-4711-4f04-b5ca-b3251a8ac8a8,الدكتورة فرات آل جعفر,+1-276-378-2245x6671,Mecca,2024-10-20
c91c836c-0de5-4724-beee-14ef3ce9f3d2,الأستاذة فداء آل صفوان,+1-628-537-8226x9515,Riyadh,2024-04-19
8eee4376-e0d0-4883-b1e4-788ee774d374,الآنسة ابتهال الحكير,705-852-7320,Mecca,2025-12-25
d6fbfa74-dfb8-4e84-a6e7-629d32462bdb,السيدة كرمة آل علي,762.822.2835,Medina,2025-09-09
dd31762f-2099-4ef8-9ac6-5cc5d49a6cb6,نافذ أبو داوود,001-254-250-6484x11189,Jeddah,2025-02-23
9881843d-0667-4082-a147-47e84fb405bb,السيدة جهراء الراشد,491-811-4652,Dammam,2024-06-08
35394bf7-5818-498e-b54a-a5cfe9096fa4,الدكتور شهاب آل محمد بن علي بن جماز,(534)208-2152,Mecca,2025-09-28
949434b1-a691-4168-a4c4-3e8e8d6fb47b,جهراء أبا الخيل,001-311-786-7546x7458,Jeddah,2025-08-25
98bcb50e-8a4d-4123-bab1-fa877b1f4268,فخر الحجار,882.745.9692,Jeddah,2024-10-14
3a82d23a-405d-4a4a-a91b-359aa6ddf98d,سفيان الجفالي,(453)261-8034x4231,Riyadh,2025-06-01
ef88a4d1-a783-4217-ad72-98b89c874029,علاء الدّين آل عواض,+1-858-646-6375x90607,Riyadh,2024-10-06
4a88864c-ff37-4b61-8969-7e9bf1b9de1b,فخر الدّين الجفالي,+1-982-628-4870x4856,Medina,2026-01-30
3dff3e30-5965-4759-b585-bd310b7b6a56,الدكتورة ايمان الجفالي,280-222-7510,Dammam,2024-04-08
20bd16a8-2de0-42f1-aa09-4e6e19adb894,الآنسة ريف فصيل,337.968.1479x5378,Jeddah,2025-02-15
fbeee2cf-37e0-4825-9ea2-cba68f125628,المهندس مهيب الدباغ,4453973095,Mecca,2025-05-03
8700d8c3-8c43-49bc-991d-fa54b9fecbf6,السيد نصر الدّين آل علي,295.272.9468x8624,Dammam,2026-01-06
cc09044a-74b3-41e3-ac95-3282e241b4c1,صخر آل معيض,603.387.3774x078,Medina,2024-04-11
d4b100cf-5c8a-4d6b-9531-2915f82e3ff5,الدكتور كنعان آل علي,891.961.5669,Jeddah,2025-03-27
3fbed266-e22c-4cf8-af5b-f664855707d4,الآنسة لوليا بن لادن,001-875-780-8962x920,Mecca,2025-02-22
42ecf789-7f0a-45f9-af61-344c5055255f,ياسر آل سعود,(473)747-3585x06158,Dammam,2026-02-25
2838bd5d-cea0-4055-947e-479debc86a9d,جميلة آل بن لافي,+1-600-290-6842x67716,Dammam,2025-09-28
e30cf86c-f1a5-4be3-a904-ee5715069161,السيد عدوي آل مقطة,(355)796-7175,Jeddah,2025-05-10
36fb6dd6-5f53-46e7-b1bd-87f569afb2e4,الدكتورة لينا آل حسين,(715)867-4625x3215,Jeddah,2024-11-29
d7924bbc-c9cd-4c7e-9783-3c43f87624df,ميثاق حنبولي,7299133974,Riyadh,2024-09-30
1a8db851-909f-439a-b07b-76126609d197,المهندس فوّاز المغاولة,694-618-6816x7258,Jeddah,2025-10-26
cda121c1-fd0b-40dd-bb72-2df32b155702,علاء الدّين آل مقطة,253-487-6067,Riyadh,2025-04-18
c6a77892-8423-49f0-a783-2d400dd7c841,الدكتور ياقوت الجفالي,(555)926-8362x55088,Mecca,2025-05-13
5191ffef-0262-4b9b-bb2b-91cdb4f22902,المهندس ناظم آل بن ظافر,+1-593-838-5811x83919,Jeddah,2025-09-05
bf41c7d3-eecc-4024-b455-25ebaf9912b3,الأستاذة كاملة آل عطفة,634-493-4054x9231,Jeddah,2024-12-08
9bba0aa0-345b-443b-998e-4abb2fc67120,الدكتورة ابتسام شربتلي,(488)397-5681x11673,Dammam,2024-04-17
19a4c2cd-4dd6-40b1-9933-b4173d3b621c,كتوم المغاولة,215.210.5077,Riyadh,2025-07-24
f313b099-a259-48ed-84f4-3b327460f35f,تاليا شربتلي,546.203.6088,Medina,2025-01-19
271791cb-dc05-4cc6-adfc-4cfcb30249d7,جلنار آل الشيخ,+1-793-675-0865x0577,Riyadh,2025-02-24
5e352d19-a015-4f91-9049-6e8ac336974b,حاتم الحجار,263-322-7966x03628,Mecca,2025-03-29
ce40883d-633e-4086-ba5f-356032065dee,آلاء الدباغ,209.695.0529,Mecca,2025-06-16
ecb5422f-fff0-4633-96e2-b829819f5fb5,نورس آل معيض,3303450924,Mecca,2025-09-16
cd0ed74d-c771-44b6-b59b-81e0ef713477,السيدة دارين الجفالي,9774671305,Medina,2024-04-06
24a9bf2e-981a-4b9c-b07c-fe91c9048408,مسرور الخرافي,(474)389-6738x65715,Dammam,2024-03-15
48668e58-a68d-484c-a4d7-1d79bf666913,هيام العليان,9287741720,Medina,2026-01-27
275e1dc4-733a-4a28-914b-d4e8b1a6d5f9,لارا الخرافي,+1-681-512-6765,Jeddah,2025-08-21
06cd3b56-d265-4043-95b5-0b5b9d5ef09c,الدكتورة جواهر آل قصير,(553)585-3786,Dammam,2024-08-17
8194c24a-9b77-4c7c-840c-44c9ef821434,طلال شربتلي,001-640-617-3265,Dammam,2024-05-10
1b843c55-58ac-4424-aa0a-5fc5a9fcbdb1,الدكتور فائق المهيدب,252-620-3636,Dammam,2024-08-28
85c156f1-864e-4124-9e36-22fcd56f52bf,المهندس عبد الملك آل حسين,422.335.7629,Jeddah,2024-08-10
0cd2c307-38b1-4cd2-9e5a-668b642f4930,السيد سموح آل محمد بن علي بن جماز,345.907.2333,Dammam,2025-09-22
90ac4876-8202-4212-8054-6ed60d9b4ce3,ميثاق آل مقطة,001-987-766-8221x91643,Dammam,2024-12-05
b4736a3c-c85d-4206-a309-7581c49b3471,اعتكاف آل جعفر,275-354-7709x87333,Riyadh,2025-03-09
2e4a89d7-b11b-4e22-8d21-9da97d9487c1,المهندس وفائي آل الشيخ,001-704-268-7145x730,Medina,2024-10-05
74e464c6-7320-4f2b-904f-91918ce9de6e,غسّان شربتلي,(262)375-5183,Dammam,2024-09-29
83eade69-5dfb-49a9-b3f6-daaed9a12acd,أزهار العقيل,+1-746-549-2597,Mecca,2025-06-25
12f90f5f-3a7e-4ffd-beab-ab5656ca474c,مدحت العليان,913.489.2701x5179,Dammam,2024-07-30
3e59e893-ccf0-4a6d-9a72-091835e3ede8,قطز آل العسكري,2808132008,Jeddah,2025-01-16
22d325d8-55c5-463a-905a-fea4cc55f81c,الأستاذة ريما أبا الخيل,(623)761-1144,Jeddah,2025-05-28
97210f05-2878-47e4-9213-0b6f712cd4aa,رزين آل مقطة,507-930-7482x1524,Dammam,2026-01-10
41bf7559-6ce6-433e-b5cf-2a56b836279c,بتلاء مهنا,389.951.5382x253,Jeddah,2025-06-22
6ceb3ca1-8ce8-483b-9aa0-6912f07e42b4,الأستاذة بيسان آل جعفر,528.961.3164x1910,Jeddah,2025-04-13
d3bd8af2-1358-41ec-bdc6-8b58e0bf7a4a,ناصيف آل جعفر,+1-986-802-6808x36305,Riyadh,2025-01-06
1821551b-42da-4160-9774-304b2d542e45,سبأ المغاولة,8807479278,Mecca,2024-06-22
d000a6eb-08e1-41e0-a732-4510d6f05dc5,السيد ضحّاك حنبولي,958-414-7766,Riyadh,2024-10-05
1358180b-4bf3-449b-b275-d5ed16b7be57,الأستاذة بثينة بن لادن,(766)656-9761,Mecca,2025-12-30
e8fe85db-b127-469c-92f9-4ad5253c8e44,السيد داهي بن لادن,+1-311-280-8301x762,Dammam,2025-11-17
5cd0cff5-d818-4066-a6cb-55c85b066b19,الآنسة ريف آل رفيع,(300)898-1363,Dammam,2025-10-15
c8712eae-8747-4046-aa3b-45c966e3b8d7,المهندس حنبل العليان,803.460.0146,Dammam,2024-03-25
3661e854-bd06-4262-bf64-ed4161e48937,عبد الجليل آل حسين,712.559.5632x734,Dammam,2025-12-20
9257712e-c630-4679-8efe-089007fe1114,صائب الجابر,787.624.5652,Medina,2024-12-14
3e2b8169-41c8-4773-9350-7284f06f4851,عتيد آل سلطان,814-291-1774,Jeddah,2024-10-05
cda25f9a-3513-445c-a78c-d58a0ad61cd3,ريم العجلان,615.277.3617,Medina,2025-09-21
23564ae3-8848-4a50-a542-bc8f9c6189fc,المهندسة أسيل الشايع,+1-300-604-2937,Riyadh,2024-08-25
1e6e05c3-256c-4a5a-a352-a18f40abd5c7,الآنسة جوين الشايع,+1-682-870-4176,Mecca,2024-08-13
ea150865-6a98-4aae-9126-25d6e5f3136e,جواهر شربتلي,(963)539-0899x245,Dammam,2024-06-12
59e2ba9a-2ae4-41c8-bef2-76640a6b346f,روحي آل معيض,995-549-0930,Riyadh,2025-04-28
f58fb650-3d56-442a-9789-084daf42a0ea,عتيق المهيدب,201-918-0765x800,Medina,2026-01-02
4407717c-84f7-4e1e-b462-c14c3b056a5a,الآنسة سبأ حجار,456-354-4557x7280,Riyadh,2025-04-19
1b360cac-b67c-4ea2-af5d-54c10a8e3b20,الأستاذة أزهار آل عطفة,5832232356,Riyadh,2025-01-10
d61b114c-6c78-49b5-99af-8ce8aad0832d,مازن بقشان,9486722858,Medina,2025-11-15
6723c92e-ffde-4640-ae49-12ecfe45ff27,المهندسة ضياء شربتلي,584.291.3182x9044,Mecca,2025-01-29
d933cf15-05d8-4b24-afdb-0182218cfe73,الأستاذ جمال الدّين آل بن لافي,524-401-1399,Riyadh,2024-11-30
3a40eac1-e57b-47a4-a29f-085ca346da28,الأستاذ خلوصي آل مقطة,(410)404-2730,Riyadh,2025-07-31
0e2ccc91-576a-48f6-943e-d8714d3975e2,جلنار آل سعود,421-592-3144x217,Medina,2026-03-08
1c9cc056-7556-490f-996a-a384a606eed7,بهية آل محمد بن علي بن جماز,+1-913-798-8582,Dammam,2024-09-14
32fe9eed-2fc2-4b6e-8717-dc9fb795c40d,لبيد آل سعود,(534)723-1906x202,Dammam,2025-08-09
48ab40b1-3adc-421f-838a-2e32810e7f26,الأستاذ حسيب آل عطفة,860-902-4355x64233,Dammam,2024-08-03
ec5cf082-ecb2-4ba8-bd9a-3759c13e021a,الدكتورة باسمة الراشد,257.665.0489,Mecca,2024-08-15
7ca53edd-52a3-49a5-8f32-0d383c58de52,زكية كانو,990-248-9692,Jeddah,2024-06-20
f08a6a2a-c5a1-4fe6-b5ae-3332afa9a408,الدكتور دؤوب آل الشيخ,855.523.3342x3747,Mecca,2024-05-01
dbd145fe-368c-45d1-9693-4b90416fdc14,الأستاذة باهرة المغاولة,575-246-3131x481,Riyadh,2026-01-31
18ba2f3e-50a9-47be-be41-8f5fa938f41e,كسّاب المشاولة,548.422.0444,Jeddah,2025-09-30
6042676d-f20f-4d56-aa5c-0ddc8f0c2770,السيد يسار آل قصير,(546)543-9314x6552,Dammam,2025-05-19
14748c8c-bd21-4bd5-b479-830aa54a1ccc,جوان آل سعود,(816)891-8871,Jeddah,2025-08-19
d3b7b9ca-ad55-426f-98b0-e36db5dcb6a5,بدرالدّجى آل سعود,416.340.4915x895,Riyadh,2025-08-20
fd2f4914-5c38-4b02-900c-c5a974979158,الأستاذ صعب فصيل,792.418.7547x9560,Riyadh,2025-03-29
e17625e1-db90-4b63-9041-9ca8656d6dfb,الأستاذ طاهر العقيل,666.761.4659x7210,Mecca,2024-10-17
75bcdb37-c7f6-4684-aa38-5563a64819c7,الدكتورة كرمة آل قصير,+1-835-498-0503x35266,Mecca,2025-07-30
3c68ef24-885e-47e7-9e28-a8320d029fbd,جميلة حجار,(668)341-8465x15997,Medina,2025-11-07
92e8dfc2-1b0c-424b-8965-6e9d2ee02e3b,المهندسة بتلاء العجلان,001-786-850-8893x45007,Mecca,2024-08-24
ff44d05a-7b1d-47d3-bdd3-715a2ec566e2,المهندسة ريما كانو,932.389.7385x6371,Jeddah,2024-12-19
3f61c6be-ea5c-4c4b-98af-05f9f1324152,جوريّة آل عطفة,+1-275-832-0911,Medina,2025-05-05
db2c304b-9abe-4bf1-8907-70fcd90635d0,الأستاذة حلا آل بن ظافر,+1-515-627-1829x36837,Riyadh,2024-07-23
8ee1a0a7-d229-42ff-9aeb-d210d74a96ff,زهرة مهنا,(738)575-8804x1636,Mecca,2024-11-25
330d5632-1cd1-4986-88e5-60f39349a87e,مرشد المهنا,952-719-5138x06512,Medina,2024-03-15
1727e651-05d0-45b5-ba63-7a409a971312,الدكتور شهب الحجار,379.467.3231,Jeddah,2025-01-10
fc26539f-404d-4990-802d-451732b12225,المهندس صخر آل محمد بن علي بن جماز,767-679-0223x68918,Medina,2024-09-22
90b1af2e-21ec-4fb1-907d-3af294d299ea,السيدة أريج آل بن لافي,579.664.9209,Jeddah,2024-09-29
ba2ec4a9-52da-4894-9d3d-b05c0acb2802,السيد غزير الراشد,001-873-916-5430x6941,Jeddah,2025-10-29
c3a0bb2e-4136-4a4b-bf7c-971bff7a38a6,الدكتورة سبأ آل خضير,(542)894-1056x08047,Jeddah,2025-03-13
a9cd7374-1bd2-4932-a335-13fb96c912e4,السيدة بتول مهنا,2849320365,Medina,2024-04-11
c0e4ec34-b783-4dcf-9366-55a16c9c78f6,ريف آل صفوان,588-784-7816,Medina,2025-12-29
884ac32b-8803-4497-be7b-68f4a5942067,رواء آل علي,745.862.4353x08873,Mecca,2025-05-18
1007e411-2200-45af-8b0b-76b9e80db974,معارف آل رفيع,(353)492-8899,Riyadh,2025-02-23
ae55926a-c36e-447b-bde4-d5821a71ac13,الأستاذة بنفسج المشاولة,(977)729-9427x980,Dammam,2024-05-28
b5787bad-5789-4d88-91d4-5879533ef228,جواهر آل قصير,449.526.3252x409,Dammam,2024-10-30
9531d3cf-f0ba-49d9-bb70-24151913b3f1,الأستاذة روبا آل صفوان,001-915-980-4085x93820,Dammam,2024-09-28
3545f1d6-304b-4895-ba60-a8d2364d4805,الآنسة بوران شربتلي,535-736-4572x5975,Medina,2025-06-13
26a80279-e3f7-49fa-adb3-38b1f76dc875,يارا الحكير,+1-386-226-3631x2731,Riyadh,2024-12-21
e71bcf42-4cf1-4528-9acd-78add01763d0,السيد تميم آل حسين,(643)237-8911x405,Medina,2024-09-06
dd47e650-c319-4851-9676-84178087fb06,جنى العجلان,+1-815-449-5088x37961,Dammam,2024-06-05
23fcb947-195e-43dd-b1e8-45b48f18fef7,الدكتور مزهر الخرافي,856.536.1833x851,Mecca,2024-12-15
bf00d19e-e3b8-4125-b16c-99be947d3780,الآنسة كاملة الخرافي,(504)638-0461,Riyadh,2024-10-19
76fdda56-1fca-4032-a619-0e4bf7423db8,السيدة جوريّة آل عايض,(429)344-9107x6816,Medina,2025-08-01
2e80fb3a-6d2c-4fe2-a09b-0e6eb8f2e3b2,رجائي مهنا,4383585281,Dammam,2024-08-12
7ad112d7-5246-4be1-812a-e027668bc8de,إلينا آل مقطة,(266)412-8108,Medina,2025-10-25
641233ee-ba25-41de-af71-b18bed724957,السيد كايد الدباغ,(782)649-0985,Riyadh,2024-08-22
4eb047ac-61ff-4920-a245-583209c2bf86,الدكتورة لورا آل معيض,+1-479-296-1015x53759,Medina,2025-06-07
c2c04fb2-f5fd-4da3-812d-550c42f4741d,ريما آل بن لافي,+1-599-690-9059x286,Dammam,2024-10-06
973164ee-e4a1-419e-8f68-6e2b860ec5ff,كامل آل جعفر,+1-206-596-9520x398,Dammam,2025-07-30
5f118803-097c-4e4f-add5-d7aeccc75913,الدكتورة هاجر الجفالي,(411)937-8687,Riyadh,2024-04-06
364cf48e-7b34-4ddf-a5d2-79ec9c48cdd5,أسرار آل حسين,001-583-419-7060x902,Mecca,2024-08-04
c2604dea-de26-4c5d-b37c-1c1f42bb9a0e,آيات آل حسين,5115681533,Riyadh,2025-08-03
a054ba0c-e4b6-41eb-ba79-8e2e7ff9707d,الدكتور فيّاض أبو داوود,+1-493-485-1759x667,Medina,2025-05-31
7d89321d-b0a2-44ad-9a45-43dbea6513b0,لوليا آل رفيع,(477)498-2563,Riyadh,2025-04-25
48628b02-abf2-460a-ba2f-4926bfcf8376,جلنار آل قصير,754-304-1575x0952,Mecca,2026-01-04
d42c1631-28de-47f9-88f1-06b3c8db6bb2,السيدة تمام الراشد,(748)283-7606x9107,Medina,2025-05-12
338d607c-c00c-4a04-b4a7-c386e99a1cc3,عبد الغفور آل قصير,001-907-721-3656x80502,Mecca,2024-07-03
9c5bd76d-ccf4-4f35-84a0-6f06991c9541,كوثر آل العسكري,001-893-629-6510x98444,Medina,2024-06-19
8ab5dd99-c869-48e1-85c9-ef242f643451,الآنسة ميرا الخرافي,+1-997-856-6562x466,Dammam,2025-12-11
82e7d111-558c-4810-a6f1-3395b9e6238a,الأستاذة تولين أبا الخيل,001-965-289-2500x865,Mecca,2025-10-07
166598f7-0561-43a5-9f13-4e62e734ee49,الأستاذة آيات آل رفيع,(824)428-6457,Medina,2024-11-19
becf67ee-46fc-4212-be95-2a6a11dc3ecb,الدكتورة أسيل العقيل,001-533-816-8143x5790,Jeddah,2025-05-18
58810a16-3af2-4427-ae70-1149fbe92ac5,ساجد آل الشيخ,(527)318-1796x63348,Riyadh,2024-07-04
6dac9986-89fa-4169-b660-84315d4b2918,شعيب المشاولة,(350)886-5786x99854,Dammam,2025-02-23
1ecf212d-946f-41f6-9d7a-e1da4d900ff0,السيدة أسيل الحجار,760.311.9538x42874,Medina,2024-04-30
00ba5466-39c9-49d0-9763-76d70b606ed2,الأستاذة ليان آل محمد بن علي بن جماز,+1-610-753-8755x0410,Mecca,2024-04-19
c0c7e012-a6f1-47c0-9cb2-7f002a8e5c8f,مادلين أبا الخيل,(879)417-2632x0579,Dammam,2024-03-23
24df0ada-e697-4a22-89e1-964132337428,أروى الجفالي,+1-695-844-0687,Dammam,2024-06-01
b683fcf5-f22f-45a9-acd6-05565b5f1a7a,بارعة بن لادن,(676)729-0153,Medina,2025-06-20
ac023780-19c1-4622-b19f-fc99f11a9b60,المهندس تميم المهيدب,7962193132,Mecca,2024-11-23
92a39d86-a8d6-4c3b-8ba2-3c2838b49991,ديمه آل عواض,419-917-5507x1339,Riyadh,2024-05-29
5aef51ed-d512-4e28-ab87-7f7921173fae,السيدة ريناد حنبولي,(996)648-1031,Riyadh,2025-03-16
b7447bf5-5c7c-4bf7-84a8-ede7c2768de3,المهندس طموح آل عواض,688.444.3861,Jeddah,2025-07-09
07696c1a-aba5-411c-8e1c-d9f3813f061a,السيدة ليم المهنا,663.640.0893x55018,Mecca,2025-04-22
2518e4b6-1819-4158-adc6-0e4f48fa0ac2,بارعة مهنا,925-518-2171,Jeddah,2024-05-17
d75b8564-3d4a-46bc-8c94-3607ed8bf13e,فضل آل عواض,(313)907-4124x495,Dammam,2025-03-30
862789c0-d0b5-4462-a310-dae0367c71ec,المهندس نوري آل معيض,001-733-259-9930x0383,Mecca,2024-07-28
094bb090-7ffa-40b2-bcca-c9c4454235e8,الآنسة ضياء الجفالي,+1-934-214-9769x653,Jeddah,2025-03-24
dfd60e21-96e0-4055-a89d-58981f3772a1,المهندسة ريناد المهنا,484.814.9269x25321,Mecca,2025-02-15
88448247-0676-4283-9489-4507b9bacfaa,نوره آل معيض,633.696.8682x390,Medina,2025-06-14
53e3a350-763c-4867-b3b5-4abc7b23e429,روعة آل سعود,476-723-2250,Medina,2025-06-01
5086ee36-92dd-473f-ace2-89c622d3338b,عبد الإله آل بن لافي,(728)228-0106x02752,Riyadh,2024-08-19
7674bdaa-b0d8-45aa-9269-c022cbba4ce5,روبين الجفالي,+1-477-666-2746x355,Jeddah,2024-08-29
8fc06882-7554-4af1-a05d-d66bfdccf375,السيدة ريما آل عواض,(994)832-2217,Medina,2025-08-28
c6abaa38-2237-4682-aa51-10a7b2e934c5,ضحى مهنا,+1-788-955-1652x67115,Riyadh,2025-03-16
92457873-8890-417b-b04b-568f0ed73e2b,حلا آل عايض,+1-828-981-8844x00112,Riyadh,2025-03-29
9e29c1fb-1672-44b9-a09a-bb5ab8858eb9,المهندسة هايدي المغاولة,+1-526-954-8675x17860,Riyadh,2025-09-27
7b64a012-4bc2-43b7-a744-dddf3b84572a,الأستاذ شهير الجفالي,001-839-928-0443x80816,Medina,2024-03-26
8dd96534-a939-4fa4-a90d-f897c3970130,السيد تاج الدّين الحكير,+1-468-603-4585,Dammam,2024-07-25
bece603e-a3fc-434b-857f-ccd97770bfc2,جوريّة آل علي,227-555-4076,Dammam,2025-11-30
838f8cc6-f509-405b-b458-fc6cbfd054a0,الأستاذ سالم المهنا,331.655.1974x646,Riyadh,2024-10-30
aa2ce91d-f925-4e7e-b24a-1b1c4eb28a8d,المهندس تامر آل خضير,505-528-6600,Riyadh,2025-12-15
2b9a033a-3230-43e1-bf0a-14b5d8eba6c8,الدكتور عبد المولى آل علي,(361)738-8264,Riyadh,2025-07-15
5368b55d-7be0-417b-8d6c-fce8ecfbf746,الأستاذة جالا آل علي,+1-849-245-0203x9871,Riyadh,2024-04-13
66a0d053-b82e-417f-83b9-f17fff4bca62,تمام حجار,001-555-612-1655x394,Medina,2024-06-06
e33ae292-f3b2-4138-9e6c-18e94d4d5e9d,الأستاذة سلاف حجار,7754682222,Riyadh,2025-08-20
8c68e3e6-ba7f-4c8a-b88d-40ab831ad5fd,رزين آل قصير,667.841.3558,Dammam,2024-03-29
5d28b69a-d428-4dd0-8571-fb8d896befde,الدكتورة لاما آل جعفر,001-808-472-8987x68680,Medina,2024-12-13
72cd7024-1006-42f8-adf9-0f994e1d3b21,السيد مدحت آل عطفة,398.968.3595,Mecca,2024-04-19
31e669be-adcd-4504-b380-b9ee46300572,عبد المجيد فصيل,483-957-9649,Dammam,2025-01-25
c4ca9b81-5926-4f88-808e-0170ffb6c391,المهندس عذب مهنا,(985)815-1375x54624,Mecca,2024-09-22
56f87df5-643d-4898-bc85-d8de2533d2fd,الأستاذة كرمة الراشد,584.415.8936,Riyadh,2025-06-19
ea7db65c-f878-4708-b4e5-7348c7d11376,الدكتور نورس آل الشيخ,428.436.7893x56207,Dammam,2025-12-04
3de5793a-eec9-46fb-bccc-f208c58594dd,المهندس ضاحي آل قصير,001-266-349-3502x379,Medina,2025-09-29
a816e37a-4ace-451d-8c78-24c586e8b5c1,رفيق الحجار,+1-387-485-0227x406,Medina,2024-04-27
a4e82a4a-c141-4214-932b-9884957a4077,ريتال آل معيض,4179404111,Mecca,2026-01-08
da421152-8c93-4dd9-9891-56ca7f2a57ce,الأستاذة شادن العليان,4323113373,Riyadh,2024-09-14
9f5431b3-d40c-4279-8e8d-f13dd2574cce,السيدة بهية بن لادن,(294)463-5084,Jeddah,2024-12-16
07b5bf61-58dd-44ba-9643-d64d76c45932,ربيع الراشد,368.903.6914,Medina,2025-07-31
13ef6e5e-09c0-4e2c-9cd5-1eff96e91072,المهندسة بثينة آل معيض,9822020533,Mecca,2025-03-31
991d94d9-2929-4c79-9b98-e7b1e55c9173,كوثر آل عواض,(405)510-4778,Mecca,2024-05-11
8bb6bd45-7505-47db-a857-a1e477d1976c,الآنسة لورين المشاولة,+1-246-815-3585x881,Jeddah,2025-03-19
3d4afd18-d5f4-423b-a991-d00047bcb12a,المهندسة جميلة آل قصير,419.510.8267x5451,Jeddah,2024-08-13
a2daf4ea-1154-4907-93a0-40dce95528e9,فائق آل خضير,(856)641-8192,Dammam,2025-11-15
3b6af511-4043-4c42-a9b3-6edd24c902d6,ميّاد الجابر,484.756.8434x70174,Jeddah,2025-10-21
24d3c740-7583-453a-b179-a72c8f732e53,الدكتور حازم الجابر,558-773-8388x6641,Mecca,2025-05-26
430afa60-71d4-461e-8e56-0591eb46fee0,طامح حجار,(245)422-8004,Medina,2025-09-28
fefddd90-26d1-4960-8064-fa81fb48f08a,جالا أبو داوود,5376565592,Medina,2025-12-17
9249fc15-6a93-4591-9dab-1ada356c25e5,المهندس ساهر بن لادن,(893)939-8115,Riyadh,2025-01-20
8836b1a5-72b4-49ff-95cd-021188ca3cbd,الأستاذ خافق بن لادن,477.437.0883,Dammam,2025-05-04
4920e544-f60a-46b8-8a6a-1db6b64b3908,الدكتورة ريما آل خضير,6469100774,Riyadh,2025-06-23
f1dd5c39-aeb9-480d-9c34-696a5bc1ee15,الدكتور فادي العجلان,363-970-9506,Mecca,2026-03-04
01d1a573-7508-4646-a760-ac55fa69b10c,السيد مُصلح آل محمد بن علي بن جماز,+1-626-264-8351x52695,Jeddah,2025-02-13
ccf1f570-9a4c-4133-ab67-92dc916c4cde,المهندسة ريان آل سلطان,788-810-9533,Medina,2024-09-15
36debc13-7477-4885-80e1-677686626878,الدكتورة بارعة آل حسين,953.929.4540x418,Medina,2024-10-09
394fa373-8a8f-4674-9679-c56be0c09b0c,صقر آل العسكري,769.726.9340,Dammam,2024-09-27
30001f5d-93b3-47d9-82a0-12b09a1c77f1,المهندسة هاجر الجفالي,5666643733,Riyadh,2025-02-01
87185568-bd1f-461c-8157-8e2abed2ba8a,بلند آل بن ظافر,(453)274-0219x1644,Mecca,2024-06-04
a46b7ae5-1b10-4d95-af40-9923621133ad,المهندس مُصلح آل بن لافي,+1-717-718-6924,Riyadh,2024-08-15
a42632ee-322f-4919-ad37-d7c7486cf9e6,لارا آل مقطة,+1-569-718-9315x159,Medina,2024-12-03
57f5cc6d-a91a-4ec1-b9f1-45a99c11bb99,جالا آل رفيع,557.470.5883x1859,Jeddah,2024-07-30
c42845da-9cad-45a7-af7f-8d62f02e91db,الأستاذة تمام الجفالي,813.253.8489x3760,Mecca,2025-12-10
9a1f5603-5a62-4a48-8d53-935c3d891a32,جواهر العليان,8648227975,Dammam,2025-12-11
13df60d4-6177-4d99-90de-e189a35f2ad1,صلاح بن لادن,001-338-225-6665,Mecca,2024-12-26
8d96045a-e587-4100-ac5a-55777d07c48e,أغاريد العقيل,645.884.4273x680,Dammam,2026-02-11
075837de-ecb3-4d4c-9f1d-8b6715a7841d,سلاف العجلان,936-684-4515x23396,Jeddah,2026-02-11
323bfa69-8a11-4b28-8226-bb47cd098332,رابح آل خضير,892-924-9212x10773,Dammam,2024-05-05
192c6dbc-5c9e-4368-9782-9092c8629d16,المهندس سيّد المهنا,+1-406-432-8917x43721,Riyadh,2025-05-05
c01aadfe-72ae-45ed-8388-87eb0ce20535,مريم آل معيض,986-597-9810x083,Riyadh,2025-11-04
6dddbc00-f6f4-4c04-8c0f-27baad2d87fb,المهندس مهيب بن لادن,(936)401-9398x648,Medina,2024-06-21
e5de338e-6ef8-4745-adb0-ee98d5178a4d,المهندس جهاد آل معيض,283.650.2939x57358,Medina,2025-01-10
7641ec68-37f2-49e2-ad99-371c9e836288,الأستاذ ناظم آل صفوان,+1-563-283-7316x8578,Medina,2024-04-12
2601ada9-a417-4eef-86b8-4c4a3ecc56b5,الدكتورة روعة آل معيض,(970)459-8641x46089,Dammam,2025-09-29
2341ae52-feef-4f2d-a54f-1fc805dd0e2c,ممتاز آل عايض,+1-458-347-7687,Riyadh,2024-06-10
059886b1-7501-4774-8f94-02f4fb33b32d,همام المهنا,650.856.1173x24227,Riyadh,2026-03-06
3b1fb91a-5e99-453a-bc5a-baaf3cab6701,ريتال العليان,572-983-3123x590,Mecca,2024-06-04
142acc6d-aabe-49bb-9ac5-49985078dbe1,الأستاذة ريناد العجلان,+1-233-367-4297,Medina,2025-07-20
ae12eea0-68b1-437c-825f-6b79bfe0aa98,الدكتور عبد السّميع آل حسين,001-634-867-6936x701,Riyadh,2024-12-06
23fc58e4-335c-45a9-9943-bfe40fe74c77,السيد مرشد المهيدب,785-776-5622x655,Riyadh,2024-09-07
aa994cb7-fc6d-416a-8c3b-9b97a2db1ae2,راوي حجار,(230)872-8172x0250,Dammam,2024-04-14
5cf644c2-7247-4e4f-86ca-5a26b02341cf,طلال آل خضير,+1-987-821-1287x4736,Dammam,2024-07-12
5bbf7c12-1999-43ff-8a15-5a5435cc77e8,روفيدا أبو داوود,(891)494-5570x091,Mecca,2025-06-27
268fdeaf-0af2-45b5-9951-928339db3a0c,الأستاذ لقمان آل مقطة,984.927.4119,Medina,2025-11-29
2d31be88-fe08-4c48-9850-8274cb3da0f6,المهندس رمضان آل حسين,001-707-319-7336x1903,Jeddah,2024-04-13
dc4803e4-169d-48fb-a1ba-5d4f2be9d41f,السيد ساهر آل جعفر,582-322-2827x0233,Jeddah,2025-05-08
aaab660e-4d6d-48b4-a979-241787ac0cdd,السيدة أناهيد الدباغ,(628)433-6294,Riyadh,2024-10-29
08807da5-d178-47b0-8adb-6cfdde988cca,المهندس محمّد الجفالي,(273)279-7829x800,Riyadh,2025-01-09
32bf3f45-7876-4c1b-a500-11c963066db9,الآنسة كرمة آل رفيع,5709129125,Jeddah,2024-10-23
363b6e0c-def0-4d39-ba9e-cfd71dde09d1,مسلم المشاولة,5408745786,Mecca,2025-10-09
d8fb808e-0a54-43cc-9345-7be851e34f39,لوجين كانو,001-554-668-6885x5726,Mecca,2025-03-14
36c12be3-36b7-498c-91af-cf6841ddc639,الأستاذ لطوف أبو داوود,(715)854-4661,Medina,2024-04-07
02326388-2f6f-4078-bc4c-82c6537e6f6f,الدكتورة ربى شربتلي,7746838037,Mecca,2024-06-06
1c9b3412-9dd9-45ba-b255-e52b4751d8a1,كاشف المشاولة,6566337947,Riyadh,2025-05-06
5915e9ea-75e5-401c-a2a2-72e15f8c5931,مهنّد آل جعفر,+1-937-821-5869x9962,Mecca,2025-03-19
60c85ced-12a5-4bf0-8f11-ddea5058f80c,الآنسة جلنار آل علي,515-754-8625x1218,Jeddah,2025-01-14
a3a9b85c-e197-4509-9f80-716f54accd4a,السيد عذب الشايع,+1-954-506-4013,Dammam,2025-08-31
1f59fa58-75ec-4409-a675-d5be2a2552ee,الأستاذة ابتسام أبا الخيل,634-844-6589,Jeddah,2025-01-03
8986ea76-486b-4c57-94ad-96f6c24d6d36,ريتال أبا الخيل,807-619-4348x771,Dammam,2024-04-17
09542f54-db54-4fa5-84f5-fefd0a641d3f,المهندسة روعة الجفالي,+1-579-818-8728x7261,Jeddah,2025-08-02
40da1ead-01f3-4aca-9a2a-34f7bf04593c,فارع الراشد,2827532091,Medina,2024-08-14
24edbffd-155a-423c-805c-9bd105e4ab3a,المهندس جهاد آل بن لافي,403-798-0651,Riyadh,2025-08-11
743b568c-6ede-48c1-a2ec-efb0f1eb84b1,بهجة آل قصير,(283)245-7536x747,Mecca,2025-01-14
7cfa12b9-7d0d-49c6-8d3f-af6330638b42,السيدة حلا آل بن ظافر,+1-982-584-5987x95274,Medina,2025-06-15
4dd6cbc1-0fb2-4e0e-9eba-91f4574ad63e,الدكتور مشفق آل سلطان,454.320.1059,Medina,2025-12-08
0e597192-1489-4110-ba73-70a559980e51,رازي الجابر,350-736-4961,Medina,2025-06-04
c2e90fe2-0d72-4a05-a1c3-4000e5ac02c5,تمام بقشان,730-932-9871,Medina,2024-09-11
86fcdbef-2488-443e-b33c-8c0bd77cb85a,لاما شربتلي,819.541.9114,Mecca,2025-05-30
582b4608-1473-4e17-878d-7627892d5f92,الأستاذ رشيد آل جعفر,+1-605-287-0204,Mecca,2026-03-08
fec9e645-3891-4e3a-b6fe-aa12b6cceadb,الدكتور ضرغام الجابر,+1-245-249-8701x16821,Medina,2025-04-20
d33bc219-7b63-48a3-9d36-d797cb4c8e89,هيا المهيدب,233-854-9079,Mecca,2024-07-19
b7a4c254-818e-4ced-aa32-e0a13900cac6,بارعة الخرافي,001-974-230-2312x4395,Jeddah,2024-05-28
17f88d60-7316-4d46-8a5f-3cb4dd45b344,السيدة ناردين آل مقطة,(898)944-4331x05483,Riyadh,2025-10-27
dfff19fa-7dcf-4ee4-8b50-e2fd2af747d0,الدكتور علاء حنبولي,001-741-738-5768x911,Riyadh,2025-10-17
46c4bc3b-f120-48ee-908e-272442c1ba0f,الدكتورة جودي الدباغ,(547)747-7507x7947,Riyadh,2025-09-02
03e9c979-e4fc-4ecf-a994-6fc1c19c99c2,فاخر الخرافي,333.442.9742,Jeddah,2024-11-20
d94e299e-bc8e-4de3-993a-8da8c953d83e,هيا آل رفيع,768.268.5257,Jeddah,2025-07-05
6463fc4e-30f0-450a-b5af-ecf21147790b,نور بقشان,475.638.5040x05551,Jeddah,2025-11-27
d9fcc1f9-6b58-4a4a-be5d-f0d97521395d,الدكتور سلطان أبا الخيل,(871)893-1525,Dammam,2024-05-04
57d04fa4-f5a8-4f1f-898f-651abd85641d,الأستاذ عبد الغفور آل محمد بن علي بن جماز,633-201-9771x5826,Jeddah,2024-07-20
87d51038-dc68-4a09-88cb-3b7f1804b220,جوريّة العجلان,+1-712-685-5870x32845,Jeddah,2024-07-09
a3b12f75-1813-4fbe-b7b7-6bb0c4e5faa3,سجى شربتلي,+1-637-840-8317,Jeddah,2024-03-20
7e79d74f-be71-4470-9a32-108bf5bdb9e4,زيد الحجار,(514)464-3956,Mecca,2025-01-19
21a80026-6bd4-453c-862d-f55e067b0345,شيّق الحكير,409.370.3044x725,Dammam,2025-05-04
88ce4292-5912-4a62-9f40-878899ca0838,قطز الجابر,329.717.9623x96856,Medina,2025-03-05
430b066b-372f-42f3-9a3a-bc268ae4241e,عفيف آل قصير,+1-679-412-3575x872,Jeddah,2025-06-22
b12f4984-0000-4e74-a664-0c635666a471,أفراح المشاولة,(409)501-5281x763,Dammam,2025-02-10
72ab1b99-943f-4de9-9661-9d438254d744,الأستاذة هدى أبو داوود,467-799-9519x75801,Dammam,2024-11-25
530ec6c0-f250-42b9-a052-0b34d3ea473d,السيد صائب المهيدب,6516288538,Medina,2024-06-26
db72fa94-4eb8-4ba2-a249-aaa61263ff34,دانة المغاولة,882.514.4589x31037,Jeddah,2024-07-31
62b4518e-1922-4b3e-bc93-ad5d29b3265a,الدكتور عمّار العجلان,4667267026,Riyadh,2025-12-12
21da81b9-847b-4ac8-8a4a-3c51900edc89,طائف الراشد,721-619-7440x198,Jeddah,2024-11-13
fc664f5a-fca3-48d5-8b57-c8df0a98ef8c,عارف حجار,+1-217-615-8275x85170,Riyadh,2025-10-24
d343eb80-3e90-481b-ad21-41afd16484e1,المهندس يانع فصيل,(549)597-8754,Riyadh,2026-02-21
976d11f1-1b41-4f86-a417-7921b960f1bf,سلاف الجابر,(398)772-5393,Mecca,2024-10-07
88fa3534-9b31-4cbf-b7f9-9a0b3425128b,الأستاذ وديع آل سلطان,953-577-5445x49313,Medina,2025-04-12
f3334e1c-9ff7-49f2-b6cc-dd2852aa582d,الأستاذ كاظم العليان,618.497.4277x19721,Riyadh,2025-09-06
44a88914-2273-4e64-aca4-abe969f6c16f,بنفسج المشاولة,001-998-513-9967,Mecca,2025-07-15
7a21a26a-7fd7-4bd2-89d1-df58aba4ffcb,نادي المهنا,666.527.4078x16027,Riyadh,2024-08-19
f16e2359-dd7f-492c-8a71-5f35f0967b6f,حبّاب الحكير,+1-915-628-5338x5508,Medina,2024-07-30
0445ea88-c39a-4d9f-9eb5-75fdf0fd7977,كتوم آل خضير,3305748355,Riyadh,2025-11-03
81e2e063-a913-4d26-85e6-56b952d46e8f,السيد داني حنبولي,8416172321,Mecca,2024-11-02
4e4f212f-d905-427b-addc-9e3253832204,صخر حنبولي,5058418656,Riyadh,2026-02-13
464ba552-a7e6-4413-ae6b-89c92f46808e,المهندس راتب آل سعود,6823768749,Medina,2025-01-30
67706ba4-0ad6-4e24-9eec-8e669a8b6e23,السيد منيف آل خضير,+1-386-537-1304,Dammam,2025-02-16
e95f9467-9523-4c33-b7c4-31f500c0d1f4,المهندسة ابتسام آل عطفة,001-295-331-3656x12839,Riyadh,2024-10-24
d3bdd6f8-48af-4686-a81c-8f5ccabf6934,الدكتورة ربى آل الشيخ,(665)931-8852x2978,Riyadh,2025-05-16
d28a7a7c-ea21-4e17-b82e-7ed324c37597,سلسبيل الدباغ,633.966.7039x158,Dammam,2024-04-20
722f925e-574a-45af-b003-4e941e5f5ee5,السيدة غوى آل بن ظافر,5924024306,Riyadh,2024-07-01
db6bbefb-c60d-4925-9d8d-b6292c6b4a13,السيدة هاجر آل مقطة,903.315.5967,Mecca,2025-05-05
76e61805-c815-4915-83b5-c8925b66905c,جهراء العليان,488.968.4160x0908,Jeddah,2024-07-21
efddf715-ce5b-47f3-ae23-c768d5d55ab9,الدكتور مياس الحجار,511.882.1373,Jeddah,2024-05-16
